,SBxSB_150,SBxSB_200,SBxPL_150,PLxSB_200,PLxSB_150,SBxPL_200,PLxPL_150,PLxPL_200
aae-miR-10,99.4,99.4,99.4,99.2,99.2,99.4,99.2,99.2
aae-miR-100,96.8,96.8,94.6,96.6,97.2,94.8,98.0,97.2
aae-miR-125-5p,3.0,3.0,5.4,9.8,10.4,5.4,10.8,9.8
aae-miR-133,70.39999999999999,70.8,72.8,76.0,76.2,75.6,73.8,74.8
aae-miR-184,87.2,90.60000000000001,96.8,98.2,98.2,96.8,98.2,98.2
aae-miR-9a,21.4,24.2,25.2,26.200000000000003,26.200000000000003,25.2,25.8,26.200000000000003
abu-let-7a,77.8,77.8,78.2,78.2,79.2,78.2,77.8,78.2
abu-miR-10a,63.6,67.2,81.6,85.2,85.39999999999999,85.0,85.0,85.0
abu-miR-10c,47.0,47.4,57.8,67.2,67.2,57.8,67.2,67.2
abu-miR-148a-5p,63.4,66.2,67.2,63.0,63.0,67.2,63.800000000000004,60.6
abu-miR-16b,16.2,16.2,16.6,9.8,9.8,16.8,10.0,9.2
abu-miR-17,60.4,60.6,59.4,53.6,53.6,59.599999999999994,54.0,54.0
abu-miR-181c,61.0,61.4,64.2,63.6,63.4,64.2,63.4,63.0
abu-miR-184a,83.39999999999999,86.8,93.0,94.39999999999999,94.39999999999999,93.0,94.39999999999999,94.39999999999999
abu-miR-184b,87.8,88.0,88.2,98.4,96.39999999999999,88.2,91.0,93.2
abu-miR-192,26.8,28.199999999999996,27.0,29.599999999999998,29.599999999999998,27.0,29.599999999999998,29.799999999999997
abu-miR-203,38.0,38.2,25.0,20.200000000000003,21.4,23.599999999999998,25.0,21.0
abu-miR-205,92.0,85.8,86.0,75.2,75.2,84.8,84.39999999999999,84.39999999999999
abu-miR-20a,72.39999999999999,73.0,65.8,61.8,61.8,65.4,63.0,63.4
abu-miR-21,98.8,98.6,99.4,93.0,93.0,99.4,93.0,93.0
abu-miR-221,66.4,66.4,69.0,55.60000000000001,55.800000000000004,68.0,56.99999999999999,57.599999999999994
abu-miR-26b,2.6,4.8,4.2,5.2,5.2,4.2,5.2,5.6000000000000005
abu-miR-301b,31.0,26.400000000000002,25.6,25.8,25.2,25.4,25.8,25.8
abu-miR-30b,59.8,62.4,64.0,64.2,64.0,64.2,64.4,64.0
abu-miR-30d,,,,78.4,78.4,,78.4,78.4
abu-miR-92a,97.39999999999999,97.39999999999999,91.4,90.2,90.2,91.4,90.2,90.2
abu-miR-92b,69.8,71.6,70.6,66.8,66.8,70.6,66.8,66.8
abu-miR-99b,36.4,35.6,41.0,47.8,47.0,41.0,46.0,47.0
aca-let-7a-5p,82.6,82.8,83.2,83.2,81.0,83.39999999999999,82.8,80.60000000000001
aca-miR-100,97.2,97.2,95.0,97.0,97.39999999999999,95.19999999999999,97.0,97.39999999999999
aca-miR-125a-5p,10.2,9.6,9.8,12.8,13.0,12.4,13.0,13.0
aca-miR-126-5p,33.4,35.199999999999996,41.199999999999996,45.6,46.6,43.2,47.199999999999996,43.0
aca-miR-128-3p,45.800000000000004,43.2,36.8,31.4,32.2,35.4,32.4,33.2
aca-miR-128-3p,45.800000000000004,43.2,36.8,31.4,32.2,35.4,32.4,33.2
aca-miR-130a-3p,32.6,32.4,30.8,32.4,32.0,28.999999999999996,32.0,28.599999999999998
aca-miR-130a-3p,32.6,32.4,30.8,32.4,32.0,28.999999999999996,32.0,28.599999999999998
aca-miR-130c,36.0,34.0,34.599999999999994,34.8,34.8,35.4,34.8,33.6
aca-miR-133a,66.60000000000001,66.4,68.60000000000001,73.0,73.2,72.39999999999999,70.6,72.2
aca-miR-133a,66.60000000000001,66.4,68.60000000000001,73.0,73.2,72.39999999999999,70.6,72.2
aca-miR-133a,66.60000000000001,66.4,68.60000000000001,73.0,73.2,72.39999999999999,70.6,72.2
aca-miR-133a-3p,68.0,68.0,71.2,74.4,74.6,73.4,72.0,73.2
aca-miR-133a-3p,68.0,68.0,71.2,74.4,74.6,73.4,72.0,73.2
aca-miR-133a-3p,68.0,68.0,71.2,74.4,74.6,73.4,72.0,73.2
aca-miR-140-3p,59.8,59.8,60.0,56.00000000000001,55.00000000000001,58.4,55.00000000000001,52.800000000000004
aca-miR-153-3p,12.4,8.4,2.8000000000000003,6.800000000000001,6.800000000000001,2.8000000000000003,6.800000000000001,6.800000000000001
aca-miR-181a,56.599999999999994,56.99999999999999,56.2,57.199999999999996,54.800000000000004,56.00000000000001,54.800000000000004,54.2
aca-miR-181a,56.599999999999994,56.99999999999999,56.2,57.199999999999996,54.800000000000004,56.00000000000001,54.800000000000004,54.2
aca-miR-181b,58.4,58.8,61.6,61.0,61.0,61.6,61.0,60.6
aca-miR-182-5p,66.2,64.2,67.0,81.6,80.60000000000001,66.60000000000001,78.0,77.4
aca-miR-184-3p,84.8,85.0,85.6,88.0,90.2,85.6,85.2,85.39999999999999
aca-miR-199a-5p,9.6,11.4,12.8,3.0,3.0,12.6,3.2,3.0
aca-miR-200a-3p,64.4,65.0,63.800000000000004,47.4,48.0,61.0,52.6,53.0
aca-miR-200b-3p,60.199999999999996,60.199999999999996,54.0,43.2,43.2,53.0,39.6,39.800000000000004
aca-miR-203-3p,22.400000000000002,20.4,16.6,15.6,15.8,15.6,15.6,15.8
aca-miR-204a-5p,14.2,14.2,15.8,16.8,16.8,17.2,16.8,16.8
aca-miR-206-3p,86.8,86.8,87.0,82.19999999999999,82.19999999999999,86.4,82.19999999999999,82.19999999999999
aca-miR-20a-5p,71.0,71.6,64.4,60.8,60.8,64.2,62.2,62.6
aca-miR-210-3p,,,,83.8,83.8,,83.8,83.8
aca-miR-218-5p,22.0,19.400000000000002,20.0,17.4,24.2,20.0,19.400000000000002,18.0
aca-miR-222a-3p,61.199999999999996,59.599999999999994,66.8,54.2,54.0,61.199999999999996,54.0,54.400000000000006
aca-miR-26-3-5p,4.0,4.0,3.2,4.0,4.0,3.2,3.2,4.0
aca-miR-26-3-5p,4.0,4.0,3.2,4.0,4.0,3.2,3.2,4.0
aca-miR-26-3-5p,4.0,4.0,3.2,4.0,4.0,3.2,3.2,4.0
aca-miR-26-5p,4.2,4.2,3.4000000000000004,4.2,4.2,3.4000000000000004,3.4000000000000004,4.2
aca-miR-26-5p,4.2,4.2,3.4000000000000004,4.2,4.2,3.4000000000000004,3.4000000000000004,4.2
aca-miR-26-5p,4.2,4.2,3.4000000000000004,4.2,4.2,3.4000000000000004,3.4000000000000004,4.2
aca-miR-301a-3p,18.0,18.0,14.399999999999999,6.0,6.0,14.399999999999999,6.0,6.0
aca-miR-30b-5p,,,,79.0,79.0,,79.0,79.0
aca-miR-30c-5p,58.599999999999994,61.199999999999996,63.0,62.2,62.0,63.0,62.4,62.0
aca-miR-30c-5p,58.599999999999994,61.199999999999996,63.0,62.2,62.0,63.0,62.4,62.0
aca-miR-30d-5p,5.0,5.0,5.0,8.0,8.0,5.0,5.0,5.0
aca-miR-30e-5p,13.0,13.0,12.6,6.2,6.2,11.0,10.0,10.0
aca-miR-375-3p,64.8,64.8,72.0,67.0,66.8,71.8,66.8,67.4
aca-miR-429-3p,40.6,43.6,40.0,29.599999999999998,29.4,35.8,30.2,30.2
aca-miR-451-5p,95.19999999999999,92.60000000000001,97.8,89.8,89.60000000000001,98.0,92.80000000000001,92.2
aca-miR-454-3p,57.8,57.99999999999999,53.0,54.6,49.8,55.60000000000001,48.6,51.4
aca-miR-455-5p,19.400000000000002,24.2,20.4,19.2,16.2,19.8,17.8,16.6
aca-miR-456,56.99999999999999,53.6,57.4,58.599999999999994,58.599999999999994,59.199999999999996,50.6,56.39999999999999
aca-miR-9-5p,18.8,21.6,22.6,24.0,23.799999999999997,22.6,22.8,22.8
aca-miR-9-5p,18.8,21.6,22.6,24.0,23.799999999999997,22.6,22.8,22.8
aca-miR-92a,95.39999999999999,95.39999999999999,89.8,89.8,89.8,89.8,89.8,89.8
aca-miR-92a,95.39999999999999,95.39999999999999,89.8,89.8,89.8,89.8,89.8,89.8
aga-miR-100,97.8,97.8,95.6,97.6,97.8,95.8,97.6,98.0
aga-miR-125,2.8000000000000003,2.8000000000000003,5.2,9.6,10.2,5.2,10.6,9.6
aga-miR-133,64.0,59.0,63.800000000000004,74.0,73.6,67.80000000000001,67.0,73.4
aga-miR-184,87.8,91.2,97.39999999999999,98.8,98.8,97.39999999999999,98.8,98.8
aga-miR-9a,20.8,23.599999999999998,24.6,25.6,25.6,24.6,25.2,25.2
ame-miR-10-5p,99.2,99.2,99.2,99.4,99.4,99.2,99.4,99.4
ame-miR-9a-5p,19.0,21.8,22.8,22.400000000000002,23.599999999999998,22.8,23.0,23.200000000000003
ami-let-7a-5p,81.6,81.8,82.19999999999999,82.19999999999999,80.2,82.39999999999999,82.0,79.80000000000001
ami-let-7a-5p,81.6,81.8,82.19999999999999,82.19999999999999,80.2,82.39999999999999,82.0,79.80000000000001
ami-miR-100-5p,90.0,90.0,89.4,86.4,86.4,89.4,89.2,86.6
ami-miR-130b-3p,35.199999999999996,33.2,33.800000000000004,34.0,34.0,34.599999999999994,34.0,32.800000000000004
ami-miR-130c-3p,31.4,31.2,29.599999999999998,31.0,30.599999999999998,27.800000000000004,30.599999999999998,27.200000000000003
ami-miR-133a-3p,67.60000000000001,67.4,70.8,74.0,74.2,72.8,71.39999999999999,72.8
ami-miR-140-3p,59.599999999999994,59.599999999999994,60.0,55.800000000000004,54.800000000000004,58.199999999999996,54.800000000000004,52.400000000000006
ami-miR-153-3p,14.000000000000002,10.2,4.6,14.6,12.8,4.6,10.2,16.2
ami-miR-181a-2-3p,30.4,30.4,31.4,32.0,32.0,32.4,32.0,33.800000000000004
ami-miR-181a-3-3p,56.2,50.6,58.199999999999996,53.800000000000004,53.400000000000006,60.0,50.4,57.8
ami-miR-181a-5p,56.39999999999999,56.599999999999994,55.800000000000004,56.39999999999999,54.0,55.60000000000001,53.800000000000004,53.400000000000006
ami-miR-181a-5p,56.39999999999999,56.599999999999994,55.800000000000004,56.39999999999999,54.0,55.60000000000001,53.800000000000004,53.400000000000006
ami-miR-181b-5p,59.0,59.4,62.2,61.8,61.8,62.2,61.6,61.199999999999996
ami-miR-181b-5p,59.0,59.4,62.2,61.8,61.8,62.2,61.6,61.199999999999996
ami-miR-182-5p,68.60000000000001,66.2,69.0,83.39999999999999,83.39999999999999,68.60000000000001,80.0,79.4
ami-miR-184-3p,86.4,86.6,87.0,91.8,91.8,87.2,86.8,89.60000000000001
ami-miR-199-3p,23.799999999999997,29.2,29.599999999999998,37.0,37.0,31.2,37.0,37.0
ami-miR-199-5p,8.200000000000001,10.0,11.799999999999999,2.1999999999999997,2.1999999999999997,11.799999999999999,2.1999999999999997,2.1999999999999997
ami-miR-203-3p,26.0,24.2,20.599999999999998,17.2,17.4,18.0,17.2,17.2
ami-miR-204-5p,16.6,16.400000000000002,17.8,18.0,18.0,17.8,18.0,18.0
ami-miR-206-3p,86.2,86.2,86.4,81.6,81.6,85.8,81.6,81.6
ami-miR-20a-5p,70.8,71.39999999999999,64.2,60.6,60.6,64.0,62.0,62.4
ami-miR-210-3p,,,,84.0,84.0,,84.0,84.0
ami-miR-26-5p,2.6,2.6,1.7999999999999998,2.4,2.4,1.7999999999999998,1.7999999999999998,2.4
ami-miR-26-5p,2.6,2.6,1.7999999999999998,2.4,2.4,1.7999999999999998,1.7999999999999998,2.4
ami-miR-30a-3p,17.2,17.2,29.2,35.6,34.599999999999994,30.0,34.2,34.4
ami-miR-30b-5p,,,,77.2,77.2,,77.2,77.2
ami-miR-30c-5p,57.99999999999999,60.6,62.6,64.0,63.800000000000004,62.8,64.2,63.800000000000004
ami-miR-30c-5p,57.99999999999999,60.6,62.6,64.0,63.800000000000004,62.8,64.2,63.800000000000004
ami-miR-30d-5p,6.0,6.0,6.0,9.2,9.0,6.0,6.0,6.0
ami-miR-30e-5p,12.4,12.4,11.799999999999999,5.6000000000000005,5.6000000000000005,10.2,9.2,9.4
ami-miR-375-3p,64.60000000000001,64.60000000000001,71.8,66.8,66.60000000000001,71.6,66.60000000000001,67.2
ami-miR-429-3p,39.6,41.4,39.800000000000004,28.799999999999997,28.4,37.0,29.4,28.799999999999997
ami-miR-99a-5p,38.2,37.4,42.8,49.6,48.8,42.8,47.8,48.8
api-miR-184a,85.8,89.2,95.19999999999999,96.39999999999999,96.2,95.19999999999999,96.2,96.39999999999999
api-miR-9a,19.2,22.0,23.200000000000003,24.2,24.6,23.200000000000003,23.799999999999997,23.599999999999998
asu-let-7-5p,79.80000000000001,80.60000000000001,80.0,83.39999999999999,84.0,80.0,79.0,81.8
asu-miR-100a-5p,91.8,94.0,92.0,93.4,93.4,92.2,94.0,94.0
asu-miR-100a-5p,91.8,94.0,92.0,93.4,93.4,92.2,94.0,94.0
asu-miR-9-5p,20.200000000000003,23.0,23.599999999999998,23.599999999999998,24.4,23.599999999999998,23.599999999999998,24.0
asu-miR-92-3p,31.0,28.999999999999996,26.6,34.4,34.0,24.6,31.4,34.4
bbe-miR-10c-5p,31.0,34.4,45.800000000000004,,,51.0,49.0,
bbe-miR-200c-3p,75.6,75.8,72.6,61.199999999999996,64.0,66.4,64.0,64.0
bbe-miR-375-3p,63.6,63.6,68.0,65.60000000000001,65.60000000000001,67.4,65.60000000000001,65.60000000000001
bdo-miR-184,88.4,91.8,98.0,99.4,99.4,98.0,99.4,99.4
bfl-let-7a-5p,78.2,78.60000000000001,79.0,81.0,83.6,79.0,80.0,84.39999999999999
bfl-let-7a-5p,78.2,78.60000000000001,79.0,81.0,83.6,79.0,80.0,84.39999999999999
bfl-miR-100-5p,92.2,94.39999999999999,92.4,93.8,93.8,92.60000000000001,94.39999999999999,94.39999999999999
bfl-miR-125a-5p,6.6000000000000005,6.6000000000000005,9.2,15.0,15.0,9.4,14.399999999999999,13.4
bfl-miR-133,68.60000000000001,69.0,71.0,75.8,76.2,75.0,73.4,75.2
bfl-miR-183,30.8,30.599999999999998,42.8,70.6,70.39999999999999,47.0,66.8,63.2
bfl-miR-184-3p,88.0,91.4,97.6,99.0,99.0,97.6,99.0,99.0
bfl-miR-200b,30.8,30.8,27.200000000000003,22.6,26.8,27.0,26.400000000000002,26.8
bfl-miR-200c,75.8,76.0,73.0,64.4,64.4,66.60000000000001,64.4,64.4
bfl-miR-375,64.0,64.0,68.60000000000001,66.2,66.0,67.80000000000001,66.0,66.0
bfl-miR-9-5p,14.799999999999999,17.599999999999998,18.6,18.6,19.2,18.6,18.6,18.6
bma-let-7,76.6,77.2,77.2,78.8,78.8,77.4,78.4,78.4
bma-miR-100b,93.60000000000001,95.8,93.4,95.19999999999999,95.19999999999999,93.60000000000001,95.8,95.8
bma-miR-9-5p,45.800000000000004,45.0,46.800000000000004,36.8,37.8,42.199999999999996,38.0,38.800000000000004
bma-miR-92,31.0,28.999999999999996,26.6,34.0,33.6,24.6,31.0,34.0
bmo-miR-100,96.0,96.2,94.0,96.0,95.8,94.19999999999999,96.39999999999999,96.39999999999999
bmo-miR-133,68.2,67.2,69.0,76.6,76.6,72.8,73.4,75.2
bmo-miR-184-3p,84.2,87.6,96.2,97.6,97.6,96.2,97.6,97.6
bmo-miR-9a-5p,15.2,18.0,19.0,19.400000000000002,20.0,19.2,19.0,19.2
bta-miR-125b,5.800000000000001,5.6000000000000005,8.200000000000001,13.4,13.8,8.4,13.4,12.2
bta-miR-130a,33.0,32.800000000000004,31.2,32.6,32.2,29.4,32.2,28.799999999999997
bta-miR-133a,68.0,68.2,71.2,74.4,74.6,73.6,72.2,73.2
bta-miR-181a,54.800000000000004,55.00000000000001,54.2,54.800000000000004,52.400000000000006,54.0,52.2,51.800000000000004
bta-miR-181a,54.800000000000004,55.00000000000001,54.2,54.800000000000004,52.400000000000006,54.0,52.2,51.800000000000004
bta-miR-181b,61.4,61.8,64.60000000000001,64.4,64.4,64.60000000000001,65.2,63.6
bta-miR-182,67.60000000000001,65.60000000000001,68.4,82.8,82.0,68.0,79.4,78.8
bta-miR-19b,26.6,26.6,24.6,26.8,23.799999999999997,24.6,25.4,26.200000000000003
bta-miR-221,67.80000000000001,68.8,70.8,57.599999999999994,57.599999999999994,70.6,58.8,59.4
bta-miR-2478,74.0,81.6,81.39999999999999,76.0,76.0,81.6,76.0,76.2
bta-miR-30c,58.8,61.4,62.8,64.4,64.2,62.4,64.60000000000001,64.2
bta-miR-429,42.0,44.0,41.6,29.799999999999997,29.799999999999997,37.4,30.4,30.4
cbn-let-7,80.0,79.60000000000001,81.0,80.4,78.4,81.0,81.0,82.6
cbr-let-7,79.4,78.8,80.80000000000001,82.19999999999999,82.19999999999999,80.80000000000001,83.8,85.0
ccr-miR-10b,64.60000000000001,68.2,82.39999999999999,86.0,86.0,85.8,85.8,85.6
ccr-miR-128,45.2,43.0,36.4,31.2,32.0,35.0,32.2,33.0
ccr-miR-130b,56.8,57.4,61.0,62.6,62.4,61.0,59.8,60.8
ccr-miR-130c,35.8,33.800000000000004,34.4,34.599999999999994,34.599999999999994,35.199999999999996,34.599999999999994,33.4
ccr-miR-143,14.000000000000002,26.200000000000003,29.799999999999997,38.800000000000004,35.8,29.799999999999997,35.6,35.8
ccr-miR-181a,56.99999999999999,57.199999999999996,56.39999999999999,57.599999999999994,55.2,56.2,55.00000000000001,54.6
ccr-miR-182-5p,66.60000000000001,65.0,67.80000000000001,81.0,81.0,67.4,78.4,77.8
ccr-miR-184,82.8,86.2,92.4,93.8,93.8,92.4,93.8,93.8
ccr-miR-192,28.4,29.799999999999997,28.599999999999998,31.2,31.2,28.599999999999998,31.2,31.4
ccr-miR-200a,61.4,62.0,61.8,42.6,44.6,58.199999999999996,50.8,51.2
ccr-miR-200b,59.199999999999996,59.0,52.6,41.6,41.6,51.6,38.0,38.2
ccr-miR-203a,21.8,20.0,17.2,16.400000000000002,16.6,15.4,16.400000000000002,16.6
ccr-miR-205,92.0,85.6,85.8,74.6,74.8,83.6,83.2,83.2
ccr-miR-21,99.0,99.0,99.0,92.60000000000001,92.60000000000001,99.0,92.60000000000001,92.60000000000001
ccr-miR-210,,,,84.2,84.2,,84.2,84.2
ccr-miR-218a,21.6,19.0,19.6,17.0,19.6,19.6,19.0,17.599999999999998
ccr-miR-221,68.0,69.19999999999999,71.0,57.8,57.8,70.8,59.0,59.599999999999994
ccr-miR-222,61.199999999999996,62.0,68.4,55.800000000000004,55.60000000000001,61.199999999999996,55.60000000000001,56.00000000000001
ccr-miR-22a,44.800000000000004,43.6,37.0,33.0,33.0,31.8,30.599999999999998,33.0
ccr-miR-25,49.4,51.2,45.6,48.0,48.0,46.2,48.0,48.0
ccr-miR-27c-3p,42.4,39.0,33.800000000000004,35.6,35.6,32.800000000000004,36.0,35.6
ccr-miR-301a,1.6,0.8,0.8,1.4000000000000001,1.4000000000000001,0.8,1.4000000000000001,1.4000000000000001
ccr-miR-30b,,,,78.60000000000001,78.60000000000001,,78.60000000000001,78.60000000000001
ccr-miR-30d,7.199999999999999,7.199999999999999,7.8,10.4,10.4,7.8,7.8,7.8
ccr-miR-375,65.2,65.2,72.39999999999999,67.4,67.2,72.39999999999999,67.2,67.80000000000001
ccr-miR-429,41.199999999999996,43.8,40.8,29.2,29.2,37.6,29.799999999999997,29.2
ccr-miR-455,19.400000000000002,24.2,20.4,19.0,16.0,19.8,17.8,16.6
ccr-miR-9-3p,15.6,18.4,19.6,19.8,20.4,19.6,19.400000000000002,19.6
ccr-miR-92b,69.0,69.19999999999999,69.8,66.0,66.0,69.8,64.4,66.0
ccr-miR-99,38.6,37.8,44.4,50.4,50.4,44.2,49.4,50.6
cel-let-7-5p,83.6,83.8,84.39999999999999,85.0,85.0,84.39999999999999,85.0,85.0
cfa-miR-19b,21.0,24.0,18.4,12.0,10.0,17.2,16.2,15.4
cfa-miR-429,39.6,41.6,40.0,28.999999999999996,28.4,37.0,28.799999999999997,28.999999999999996
cgr-let-7a,82.0,82.19999999999999,82.6,82.6,80.60000000000001,82.8,82.39999999999999,80.2
cgr-miR-100-5p,92.0,94.19999999999999,92.2,93.60000000000001,93.60000000000001,92.4,94.19999999999999,94.19999999999999
cgr-miR-130b-5p,49.4,49.4,45.0,43.4,43.4,43.4,42.199999999999996,42.199999999999996
cgr-miR-17-5p,58.8,58.8,57.599999999999994,52.0,52.0,57.99999999999999,52.800000000000004,52.2
cgr-miR-182,82.39999999999999,82.39999999999999,80.4,83.8,83.8,74.0,84.0,83.8
cgr-miR-184,85.39999999999999,85.6,86.2,90.8,90.8,86.2,85.8,88.6
cgr-miR-199a-3p,29.4,35.8,35.6,40.8,39.2,39.4,39.6,38.0
cgr-miR-20a,71.6,72.2,65.0,61.4,61.4,64.8,62.8,63.2
cgr-miR-25-3p,49.4,51.2,45.6,48.199999999999996,48.199999999999996,46.2,48.199999999999996,48.199999999999996
cgr-miR-301a-3p,2.4,1.6,1.6,1.6,1.6,1.6,1.6,1.6
cgr-miR-429,42.4,45.0,42.0,30.2,30.4,38.4,31.0,30.4
cgr-miR-99a-5p,37.6,36.8,42.199999999999996,49.0,48.199999999999996,42.199999999999996,47.199999999999996,48.199999999999996
chi-let-7a-5p,83.39999999999999,83.6,84.2,85.0,84.8,84.2,84.8,85.0
chi-miR-130b-5p,49.8,49.8,45.4,43.8,43.8,43.8,42.6,42.6
chi-miR-140-3p,63.0,63.0,62.8,56.99999999999999,56.99999999999999,59.8,58.599999999999994,56.39999999999999
chi-miR-153,13.4,9.6,4.0,9.4,9.4,4.0,9.4,9.4
chi-miR-16a-5p,16.0,16.0,16.6,9.6,9.6,16.6,9.8,9.4
chi-miR-20a-5p,70.39999999999999,71.0,63.800000000000004,60.199999999999996,60.199999999999996,63.6,61.4,61.8
chi-miR-30a-3p,16.8,16.8,28.4,35.199999999999996,34.2,29.4,33.6,34.0
chi-miR-30b-5p,,,,79.4,79.4,,79.4,79.4
chi-miR-92b,96.8,96.8,90.8,92.0,92.0,90.8,92.0,92.0
cin-miR-133-3p,72.8,69.6,68.8,65.0,64.8,72.2,64.8,64.8
cin-miR-183-5p,31.0,30.8,41.4,70.8,70.19999999999999,44.4,65.60000000000001,66.4
cin-miR-184,86.6,90.0,96.0,96.2,96.0,95.39999999999999,96.0,96.2
cja-let-7a,80.60000000000001,80.2,81.39999999999999,81.0,79.0,81.6,81.6,83.2
cja-let-7a,80.60000000000001,80.2,81.39999999999999,81.0,79.0,81.6,81.6,83.2
cja-miR-10b,64.2,67.80000000000001,82.6,86.4,86.4,86.0,86.0,86.0
cja-miR-125,7.199999999999999,7.199999999999999,9.8,15.8,15.8,10.0,15.4,14.2
cja-miR-125b,7.000000000000001,7.000000000000001,9.6,15.6,15.6,9.8,15.2,14.000000000000002
cja-miR-133a,71.39999999999999,71.2,73.8,76.6,76.8,75.8,73.8,75.4
cja-miR-153,12.6,8.6,3.0,7.000000000000001,7.000000000000001,3.0,7.000000000000001,7.000000000000001
cja-miR-199,29.4,35.8,36.0,41.199999999999996,39.6,39.800000000000004,40.0,38.4
cja-miR-19b,26.0,26.0,24.0,26.0,23.200000000000003,24.0,24.6,25.4
cja-miR-19b,26.0,26.0,24.0,26.0,23.200000000000003,24.0,24.6,25.4
cja-miR-218,22.400000000000002,19.8,20.4,17.8,24.6,20.4,19.8,18.4
cja-miR-222,60.8,59.0,66.2,54.400000000000006,53.800000000000004,58.8,53.800000000000004,54.2
cja-miR-26a,3.5999999999999996,3.5999999999999996,2.8000000000000003,3.5999999999999996,3.5999999999999996,2.8000000000000003,2.8000000000000003,3.5999999999999996
cja-miR-27b,27.6,27.200000000000003,14.6,14.6,14.6,14.799999999999999,14.6,14.6
cja-miR-30d,5.800000000000001,5.800000000000001,5.800000000000001,9.0,8.799999999999999,5.800000000000001,5.800000000000001,5.800000000000001
cja-miR-92a,96.6,96.6,90.60000000000001,91.8,91.8,90.60000000000001,91.8,91.8
cja-miR-92b,69.19999999999999,69.39999999999999,70.0,66.2,66.2,70.0,64.60000000000001,66.2
cja-miR-99,37.2,36.4,41.8,48.6,47.8,41.8,46.800000000000004,47.8
cli-let-7a-5p,82.19999999999999,82.39999999999999,82.8,82.8,80.80000000000001,83.0,82.6,80.4
cli-miR-100-5p,89.4,89.4,89.0,85.8,86.0,89.0,88.8,86.0
cli-miR-126-5p,32.4,34.0,38.2,42.6,43.6,40.2,45.2,40.8
cli-miR-133c-3p,68.4,67.0,67.4,64.4,64.2,69.0,64.2,64.2
cli-miR-153a-3p,13.8,10.0,4.3999999999999995,14.399999999999999,12.6,4.3999999999999995,10.0,16.0
cli-miR-17-5p,58.599999999999994,58.599999999999994,57.4,51.800000000000004,51.800000000000004,57.8,52.6,52.0
cli-miR-181a-2-3p,30.599999999999998,30.599999999999998,31.6,32.2,32.2,32.6,32.2,34.0
cli-miR-181a-5p,54.6,54.800000000000004,54.0,54.6,52.2,53.800000000000004,52.0,51.6
cli-miR-181b-5p,58.599999999999994,59.0,61.8,61.4,61.4,61.8,61.199999999999996,60.8
cli-miR-182-5p,67.2,65.2,68.0,82.0,81.2,67.60000000000001,78.60000000000001,78.0
cli-miR-184-3p,86.2,86.4,86.8,91.60000000000001,91.60000000000001,87.0,86.6,89.4
cli-miR-19b-3p,25.0,25.0,23.0,25.0,21.6,23.0,23.799999999999997,24.4
cli-miR-200a-3p,62.2,62.8,62.4,42.199999999999996,44.2,58.599999999999994,49.4,49.2
cli-miR-200b-3p,58.599999999999994,58.599999999999994,52.2,42.4,41.8,51.2,38.800000000000004,39.0
cli-miR-204-5p,16.6,16.400000000000002,18.0,18.2,18.2,18.0,18.2,18.2
cli-miR-206-3p,86.4,86.4,86.6,81.8,81.8,86.0,81.8,81.8
cli-miR-210-3p,,,,83.2,83.2,,83.2,83.2
cli-miR-218-5p,21.8,19.2,19.8,17.2,24.0,19.8,19.2,17.8
cli-miR-26-5p,2.8000000000000003,2.8000000000000003,2.4,3.0,3.0,2.4,2.4,3.0
cli-miR-26-5p,2.8000000000000003,2.8000000000000003,2.4,3.0,3.0,2.4,2.4,3.0
cli-miR-30c-5p,55.60000000000001,58.199999999999996,61.6,62.8,62.6,63.2,63.0,62.4
cli-miR-30d-5p,8.200000000000001,8.200000000000001,8.200000000000001,11.200000000000001,11.200000000000001,8.200000000000001,8.200000000000001,8.200000000000001
cli-miR-30e-3p,15.0,14.799999999999999,27.6,33.4,33.2,28.599999999999998,34.0,33.4
cli-miR-30e-5p,12.8,12.8,12.4,6.4,6.4,10.8,9.8,9.8
cli-miR-429-3p,42.8,44.800000000000004,42.4,30.2,29.799999999999997,38.0,29.4,30.599999999999998
cli-miR-9-3-3p,72.6,72.6,61.199999999999996,50.8,50.8,61.199999999999996,48.6,58.4
cli-miR-9-5p,16.6,19.400000000000002,21.4,20.8,21.4,21.4,20.4,20.599999999999998
cli-miR-99-5p,38.800000000000004,38.0,45.6,50.6,50.6,45.2,50.0,50.8
cpi-let-7a-5p,81.8,82.0,82.39999999999999,82.39999999999999,80.4,82.6,81.6,80.0
cpi-miR-125a-5p,9.8,9.2,10.2,13.4,13.600000000000001,12.8,13.600000000000001,13.600000000000001
cpi-miR-125b-5p,5.2,5.0,7.6,12.8,13.200000000000001,7.8,12.8,11.600000000000001
cpi-miR-125b-5p,5.2,5.0,7.6,12.8,13.200000000000001,7.8,12.8,11.600000000000001
cpi-miR-126-5p,32.800000000000004,34.4,39.6,44.0,45.0,41.6,45.800000000000004,42.0
cpi-miR-128-3p,45.0,41.4,33.2,29.4,29.799999999999997,33.2,30.2,30.599999999999998
cpi-miR-130b-5p,49.0,49.0,44.6,43.0,43.0,43.0,41.8,41.8
cpi-miR-130d-3p,31.2,31.0,29.4,30.8,30.4,27.6,30.4,27.0
cpi-miR-133c-3p,68.60000000000001,67.2,67.60000000000001,64.60000000000001,64.4,69.19999999999999,64.4,64.4
cpi-miR-143-3p,14.399999999999999,26.6,30.2,39.2,36.199999999999996,30.2,36.0,36.199999999999996
cpi-miR-16a-5p,19.8,22.2,17.2,20.8,17.8,17.8,17.2,21.4
cpi-miR-181a-3-3p,56.2,50.4,57.99999999999999,53.800000000000004,53.400000000000006,60.0,50.4,57.8
cpi-miR-181a-5p,55.00000000000001,55.2,54.400000000000006,55.00000000000001,52.6,54.2,52.400000000000006,52.0
cpi-miR-181b-5p,59.199999999999996,59.599999999999994,62.4,62.0,62.0,62.4,61.8,61.4
cpi-miR-184-3p,86.0,86.2,86.8,91.4,91.4,86.8,86.4,89.2
cpi-miR-192-5p,27.400000000000002,28.799999999999997,28.199999999999996,30.4,30.4,28.199999999999996,30.4,30.599999999999998
cpi-miR-199-3p,24.6,29.599999999999998,30.4,37.4,37.4,32.0,37.4,37.4
cpi-miR-199-5p,9.0,10.8,12.6,3.2,3.2,12.6,3.0,3.2
cpi-miR-19b-3p,27.200000000000003,27.200000000000003,25.2,26.8,24.0,25.2,25.6,26.400000000000002
cpi-miR-200b-3p,58.199999999999996,58.4,52.2,42.199999999999996,41.6,51.0,38.6,38.800000000000004
cpi-miR-203-3p,24.8,23.0,19.6,16.6,16.6,17.4,16.6,16.6
cpi-miR-204-5p,17.4,17.4,18.6,18.8,18.8,18.6,18.8,18.8
cpi-miR-205a-5p,91.0,84.6,84.8,72.8,72.8,83.2,82.6,82.6
cpi-miR-206-3p,85.6,85.6,85.8,81.0,81.0,85.2,81.0,81.0
cpi-miR-210-3p,,,,84.6,84.6,,84.6,84.6
cpi-miR-26-5p,1.6,1.6,0.8,1.4000000000000001,1.6,0.8,0.8,1.4000000000000001
cpi-miR-26-5p,1.6,1.6,0.8,1.4000000000000001,1.6,0.8,0.8,1.4000000000000001
cpi-miR-26-5p,1.6,1.6,0.8,1.4000000000000001,1.6,0.8,0.8,1.4000000000000001
cpi-miR-30b-5p,,,,77.0,77.0,,77.0,77.0
cpi-miR-30c-5p,55.800000000000004,58.4,61.4,62.4,62.2,63.0,62.6,62.8
cpi-miR-30c-5p,55.800000000000004,58.4,61.4,62.4,62.2,63.0,62.6,62.8
cpi-miR-30d-5p,5.6000000000000005,5.6000000000000005,5.6000000000000005,8.799999999999999,8.6,5.6000000000000005,5.6000000000000005,5.6000000000000005
cpi-miR-375-3p,64.4,64.4,71.6,66.60000000000001,66.4,71.39999999999999,66.4,67.0
cpi-miR-429-3p,42.199999999999996,44.0,41.8,29.799999999999997,30.0,37.4,30.8,30.4
cpi-miR-451-5p,98.6,98.6,98.6,98.6,98.6,98.6,98.6,98.6
cpi-miR-9-4-3p,72.39999999999999,72.39999999999999,61.0,50.6,50.6,61.0,48.4,58.199999999999996
cpi-miR-9-5p,16.8,19.6,21.6,21.0,21.6,21.6,20.599999999999998,20.8
cpi-miR-9-5p,16.8,19.6,21.6,21.0,21.6,21.6,20.599999999999998,20.8
cpi-miR-9-5p,16.8,19.6,21.6,21.0,21.6,21.6,20.599999999999998,20.8
cpi-miR-92a-3p,94.6,94.6,89.2,89.2,89.2,89.4,89.2,89.2
cpi-miR-92b-3p,68.0,68.60000000000001,69.19999999999999,63.800000000000004,63.800000000000004,69.19999999999999,63.800000000000004,65.4
cpi-miR-99a-5p,37.4,36.6,42.0,48.8,48.0,42.0,47.0,48.0
cpo-miR-100-5p,91.0,91.0,90.4,87.0,87.2,90.4,90.4,87.2
cpo-miR-181b-5p,62.2,62.4,65.2,65.60000000000001,65.60000000000001,65.2,66.4,64.8
cpo-miR-19b-3p,24.6,24.6,22.6,24.0,21.0,22.6,22.8,23.400000000000002
cpo-miR-205-5p,91.4,85.0,85.0,74.4,74.6,83.0,83.6,83.8
cpo-miR-30b-5p,,,,78.2,78.2,,78.2,78.2
cqu-miR-100-5p,97.2,97.0,94.8,96.8,97.0,95.0,98.2,97.0
cqu-miR-133,65.0,61.6,65.0,76.2,77.60000000000001,69.19999999999999,73.6,78.4
cqu-miR-184,87.0,90.4,96.6,98.0,98.0,96.6,98.0,98.0
crm-let-7,79.2,78.60000000000001,80.60000000000001,82.0,81.8,80.60000000000001,83.6,84.39999999999999
csa-miR-200,58.8,58.599999999999994,52.800000000000004,44.2,44.2,51.4,40.0,40.2
csa-miR-216b,34.8,34.599999999999994,52.400000000000006,44.2,44.2,52.2,48.199999999999996,45.2
cte-miR-125,8.0,8.0,10.4,16.6,16.400000000000002,10.4,16.400000000000002,14.799999999999999
cte-miR-133,64.8,61.199999999999996,64.60000000000001,75.8,77.2,68.8,73.2,78.0
cte-miR-153,13.600000000000001,9.8,4.2,12.4,12.2,4.2,9.6,15.6
cte-miR-184a,86.8,90.2,96.39999999999999,97.8,97.8,96.39999999999999,97.8,97.8
cte-miR-9-5p,22.8,25.6,26.6,25.4,19.6,26.6,26.6,25.8
dme-miR-10-5p,98.8,98.8,98.8,98.8,98.8,98.8,98.8,98.8
dme-miR-125-5p,4.3999999999999995,4.3999999999999995,5.6000000000000005,10.0,10.6,5.6000000000000005,11.0,10.0
dme-miR-133-3p,70.39999999999999,70.6,72.8,76.0,76.2,75.4,73.8,74.8
dme-miR-184-3p,86.4,89.8,95.8,97.0,96.8,96.0,96.8,97.0
dme-miR-9a-5p,18.6,21.4,22.400000000000002,23.200000000000003,23.400000000000002,22.2,22.400000000000002,22.2
dmo-miR-10,99.8,99.8,99.8,99.8,99.8,99.8,99.8,99.8
dmo-miR-184-3p,86.0,89.4,95.39999999999999,96.6,96.39999999999999,95.6,96.39999999999999,96.6
dno-miR-100-5p,91.4,91.4,90.60000000000001,87.6,87.6,90.60000000000001,90.4,87.8
dno-miR-181b-5p,62.6,63.0,65.60000000000001,65.4,65.4,65.8,66.0,64.60000000000001
dno-miR-184-3p,87.0,87.2,87.8,92.4,92.4,88.0,87.4,90.2
dno-miR-30b-5p,,,,77.8,77.8,,77.8,77.8
dno-miR-429-3p,43.6,44.0,39.6,30.0,29.4,37.2,30.599999999999998,29.799999999999997
dno-miR-451-5p,94.8,92.2,97.39999999999999,89.4,89.2,97.6,92.4,91.8
dno-miR-92a-3p,97.8,97.8,91.8,90.60000000000001,90.60000000000001,91.8,90.60000000000001,90.60000000000001
dps-miR-133,70.6,73.2,73.2,80.60000000000001,80.4,78.60000000000001,76.8,79.4
dps-miR-184,86.2,89.60000000000001,95.6,96.8,96.6,95.8,96.6,96.8
dpu-miR-10,88.2,88.2,,,,,,
dpu-miR-100,92.80000000000001,95.0,91.60000000000001,94.6,94.39999999999999,91.8,95.0,95.0
dpu-miR-133,68.0,67.80000000000001,69.6,76.6,76.6,73.4,73.4,75.2
dpu-miR-9-5p,19.400000000000002,22.2,23.0,23.799999999999997,24.0,23.0,23.200000000000003,23.400000000000002
dqu-miR-133-3p,69.8,69.6,72.39999999999999,76.8,76.6,74.4,72.8,75.4
dqu-miR-184-3p,87.6,91.0,97.2,98.6,98.6,97.2,98.6,98.6
dre-let-7a,82.39999999999999,82.6,83.0,83.0,81.6,83.2,82.6,81.2
dre-let-7a,82.39999999999999,82.6,83.0,83.0,81.6,83.2,82.6,81.2
dre-let-7a,82.39999999999999,82.6,83.0,83.0,81.6,83.2,82.6,81.2
dre-let-7a,82.39999999999999,82.6,83.0,83.0,81.6,83.2,82.6,81.2
dre-let-7a,82.39999999999999,82.6,83.0,83.0,81.6,83.2,82.6,81.2
dre-let-7a,82.39999999999999,82.6,83.0,83.0,81.6,83.2,82.6,81.2
dre-let-7d-5p,73.0,73.4,73.2,68.2,68.0,73.2,68.0,66.2
dre-let-7d-5p,73.0,73.4,73.2,68.2,68.0,73.2,68.0,66.2
dre-let-7g,62.0,61.199999999999996,60.6,54.6,55.2,60.6,54.6,54.6
dre-let-7g,62.0,61.199999999999996,60.6,54.6,55.2,60.6,54.6,54.6
dre-miR-100-5p,89.2,89.2,89.0,85.6,85.8,89.0,88.8,85.8
dre-miR-100-5p,89.2,89.2,89.0,85.6,85.8,89.0,88.8,85.8
dre-miR-10b-5p,63.0,66.60000000000001,81.2,84.6,85.0,84.6,84.6,84.6
dre-miR-10c-5p,47.199999999999996,47.599999999999994,57.99999999999999,67.80000000000001,67.80000000000001,57.99999999999999,67.4,67.80000000000001
dre-miR-125a,9.6,9.0,10.0,13.200000000000001,13.4,12.6,13.4,13.4
dre-miR-125a,9.6,9.0,10.0,13.200000000000001,13.4,12.6,13.4,13.4
dre-miR-125b-5p,3.2,3.2,6.0,10.4,11.0,6.0,11.4,10.4
dre-miR-125b-5p,3.2,3.2,6.0,10.4,11.0,6.0,11.4,10.4
dre-miR-125b-5p,3.2,3.2,6.0,10.4,11.0,6.0,11.4,10.4
dre-miR-126a-5p,31.6,33.2,39.2,43.6,44.6,41.199999999999996,45.2,40.0
dre-miR-126b-5p,31.0,32.6,38.4,42.8,43.8,40.400000000000006,46.400000000000006,39.6
dre-miR-128-3p,44.6,41.0,33.4,29.599999999999998,30.2,32.800000000000004,30.4,31.0
dre-miR-128-3p,44.6,41.0,33.4,29.599999999999998,30.2,32.800000000000004,30.4,31.0
dre-miR-128-3p,44.6,41.0,33.4,29.599999999999998,30.2,32.800000000000004,30.4,31.0
dre-miR-130a,32.800000000000004,32.6,31.0,32.2,31.8,29.2,31.8,28.4
dre-miR-130c-3p,36.199999999999996,34.2,34.8,35.0,35.0,35.6,35.0,33.800000000000004
dre-miR-140-3p,59.4,59.4,60.0,55.60000000000001,54.6,57.99999999999999,54.6,52.0
dre-miR-143,13.600000000000001,25.8,29.4,38.4,35.4,29.4,35.199999999999996,35.4
dre-miR-16b,14.799999999999999,14.799999999999999,15.4,9.2,9.2,15.4,8.6,9.8
dre-miR-17a-5p,60.6,60.0,58.8,52.800000000000004,52.800000000000004,59.0,51.800000000000004,53.0
dre-miR-17a-5p,60.6,60.0,58.8,52.800000000000004,52.800000000000004,59.0,51.800000000000004,53.0
dre-miR-181a-2-3p,31.0,31.0,32.0,32.6,32.6,36.0,32.6,34.4
dre-miR-181a-3p,42.4,39.6,43.2,41.4,42.199999999999996,45.6,46.400000000000006,43.2
dre-miR-181a-5-3p,25.2,23.200000000000003,23.200000000000003,27.200000000000003,24.0,23.599999999999998,23.200000000000003,22.8
dre-miR-181a-5p,54.0,54.2,53.400000000000006,56.599999999999994,54.2,53.2,54.0,53.6
dre-miR-181a-5p,54.0,54.2,53.400000000000006,56.599999999999994,54.2,53.2,54.0,53.6
dre-miR-181a-5p,54.0,54.2,53.400000000000006,56.599999999999994,54.2,53.2,54.0,53.6
dre-miR-181a-5p,54.0,54.2,53.400000000000006,56.599999999999994,54.2,53.2,54.0,53.6
dre-miR-181a-5p,54.0,54.2,53.400000000000006,56.599999999999994,54.2,53.2,54.0,53.6
dre-miR-181b-5p,59.8,60.199999999999996,63.0,62.4,62.4,63.0,62.4,62.0
dre-miR-181b-5p,59.8,60.199999999999996,63.0,62.4,62.4,63.0,62.4,62.0
dre-miR-181b-5p,59.8,60.199999999999996,63.0,62.4,62.4,63.0,62.4,62.0
dre-miR-184,83.0,86.4,92.60000000000001,94.0,94.0,92.60000000000001,94.0,94.0
dre-miR-196a-5p,61.199999999999996,61.8,61.8,55.00000000000001,54.6,61.8,55.2,55.2
dre-miR-196a-5p,61.199999999999996,61.8,61.8,55.00000000000001,54.6,61.8,55.2,55.2
dre-miR-199-3p,24.0,28.199999999999996,28.799999999999997,35.8,35.8,30.4,35.8,35.8
dre-miR-199-5p,9.8,11.600000000000001,13.4,3.8,3.8,13.4,3.8,3.8
dre-miR-199-5p,9.8,11.600000000000001,13.4,3.8,3.8,13.4,3.8,3.8
dre-miR-19b-3p,28.000000000000004,28.000000000000004,26.0,27.6,24.6,26.200000000000003,26.6,27.0
dre-miR-200b-3p,58.4,58.599999999999994,51.4,42.199999999999996,42.199999999999996,50.4,38.6,38.800000000000004
dre-miR-203a-3p,25.2,23.400000000000002,19.8,16.8,16.8,17.599999999999998,16.8,16.8
dre-miR-204-5p,13.4,13.4,15.0,16.6,16.0,16.6,16.6,16.6
dre-miR-204-5p,13.4,13.4,15.0,16.6,16.0,16.6,16.6,16.6
dre-miR-204-5p,13.4,13.4,15.0,16.6,16.0,16.6,16.6,16.6
dre-miR-205-5p,91.8,85.39999999999999,85.6,74.4,74.4,83.39999999999999,82.8,82.8
dre-miR-206-3p,85.8,85.8,86.0,81.2,81.2,85.39999999999999,81.2,81.2
dre-miR-206-3p,85.8,85.8,86.0,81.2,81.2,85.39999999999999,81.2,81.2
dre-miR-20a-5p,72.2,72.8,66.0,62.0,62.0,65.60000000000001,63.2,63.6
dre-miR-21,99.2,99.2,99.6,93.2,93.2,99.6,93.2,93.2
dre-miR-21,99.2,99.2,99.6,93.2,93.2,99.6,93.2,93.2
dre-miR-216b,35.6,35.4,52.0,44.0,44.0,51.800000000000004,48.0,45.0
dre-miR-218a,21.4,18.8,19.400000000000002,16.8,19.400000000000002,19.400000000000002,18.8,17.4
dre-miR-221-3p,66.8,67.80000000000001,69.8,56.599999999999994,56.599999999999994,69.6,57.8,58.4
dre-miR-222a-3p,62.0,60.0,67.2,54.800000000000004,54.6,61.8,54.6,54.800000000000004
dre-miR-222a-5p,99.6,99.6,100.0,93.60000000000001,93.60000000000001,100.0,93.60000000000001,93.60000000000001
dre-miR-22a-3p,45.800000000000004,44.6,37.4,33.4,33.2,32.800000000000004,31.8,33.2
dre-miR-25-3p,49.4,51.2,45.6,47.8,47.8,46.2,47.8,47.8
dre-miR-26a-5p,4.3999999999999995,4.3999999999999995,4.3999999999999995,4.3999999999999995,4.3999999999999995,4.3999999999999995,4.3999999999999995,4.3999999999999995
dre-miR-26a-5p,4.3999999999999995,4.3999999999999995,4.3999999999999995,4.3999999999999995,4.3999999999999995,4.3999999999999995,4.3999999999999995,4.3999999999999995
dre-miR-26a-5p,4.3999999999999995,4.3999999999999995,4.3999999999999995,4.3999999999999995,4.3999999999999995,4.3999999999999995,4.3999999999999995,4.3999999999999995
dre-miR-26b,3.8,3.8,3.8,6.800000000000001,6.800000000000001,3.8,6.800000000000001,6.800000000000001
dre-miR-27b-3p,27.400000000000002,26.8,15.4,15.4,15.4,15.4,15.4,15.4
dre-miR-27c-3p,41.8,38.6,33.4,35.199999999999996,35.199999999999996,32.4,35.4,35.199999999999996
dre-miR-30b,,,,77.4,77.4,,77.4,77.4
dre-miR-30c-5p,56.2,58.8,61.199999999999996,64.8,64.4,61.6,64.8,64.4
dre-miR-30d,7.3999999999999995,7.3999999999999995,8.0,10.6,10.6,8.0,8.0,8.0
dre-miR-30e-3p,15.4,15.2,27.800000000000004,33.4,33.2,28.599999999999998,34.0,33.4
dre-miR-30e-5p,13.4,13.4,13.0,6.800000000000001,6.800000000000001,11.4,10.4,10.4
dre-miR-375,62.6,62.2,66.4,65.0,65.0,66.4,65.0,65.0
dre-miR-429a,41.4,44.0,41.0,29.4,29.4,37.6,30.0,29.4
dre-miR-430c-3p,88.2,86.4,87.6,83.0,83.0,84.8,83.0,80.80000000000001
dre-miR-451,95.0,92.4,97.6,89.60000000000001,89.4,97.8,92.60000000000001,92.0
dre-miR-454b,56.99999999999999,57.199999999999996,53.400000000000006,53.800000000000004,49.6,55.00000000000001,48.4,50.8
dre-miR-456,56.599999999999994,53.2,56.8,58.4,57.99999999999999,58.8,49.8,55.60000000000001
dre-miR-9-4-3p,72.0,71.8,58.599999999999994,49.8,50.2,60.6,48.0,57.4
dre-miR-9-5p,16.0,18.8,20.0,20.200000000000003,20.8,20.0,19.8,20.0
dre-miR-9-5p,16.0,18.8,20.0,20.200000000000003,20.8,20.0,19.8,20.0
dre-miR-9-5p,16.0,18.8,20.0,20.200000000000003,20.8,20.0,19.8,20.0
dre-miR-9-5p,16.0,18.8,20.0,20.200000000000003,20.8,20.0,19.8,20.0
dre-miR-9-5p,16.0,18.8,20.0,20.200000000000003,20.8,20.0,19.8,20.0
dre-miR-9-5p,16.0,18.8,20.0,20.200000000000003,20.8,20.0,19.8,20.0
dre-miR-9-7-3p,77.4,77.4,78.0,78.2,78.2,78.4,78.2,78.2
dre-miR-92a-3p,93.0,93.0,87.0,87.4,87.4,87.0,87.4,87.4
dre-miR-92a-3p,93.0,93.0,87.0,87.4,87.4,87.0,87.4,87.4
dre-miR-92b-3p,68.8,69.0,69.6,65.8,65.8,69.6,64.2,65.8
dre-miR-99,38.4,37.6,44.2,50.2,50.2,44.0,49.2,50.4
dre-miR-99,38.4,37.6,44.2,50.2,50.2,44.0,49.2,50.4
dvi-miR-133-3p,70.19999999999999,70.19999999999999,71.8,76.0,76.2,75.6,73.6,75.2
dwi-miR-10,99.0,99.0,99.0,99.0,99.0,99.0,99.0,99.0
dwi-miR-133,69.39999999999999,68.8,70.39999999999999,74.8,75.0,74.2,72.39999999999999,74.0
eca-miR-17,59.199999999999996,59.199999999999996,58.199999999999996,52.2,52.2,58.4,53.0,52.400000000000006
eca-miR-181a,53.400000000000006,53.6,52.800000000000004,54.0,51.6,52.6,51.4,51.0
eca-miR-181a,53.400000000000006,53.6,52.800000000000004,54.0,51.6,52.6,51.4,51.0
eca-miR-30d,5.4,5.4,5.4,8.4,8.4,5.4,5.4,5.4
efu-miR-429,41.6,43.8,41.199999999999996,29.4,29.4,37.2,30.0,30.0
efu-miR-92a,97.0,97.0,91.0,92.2,92.2,91.0,92.2,92.2
fru-let-7a,78.4,78.2,78.60000000000001,78.60000000000001,79.60000000000001,78.60000000000001,78.2,78.60000000000001
fru-let-7d,73.2,73.6,73.4,68.4,68.2,73.4,68.2,66.4
fru-miR-10b,62.8,66.4,81.0,84.39999999999999,84.8,84.39999999999999,84.39999999999999,84.39999999999999
fru-miR-10b,62.8,66.4,81.0,84.39999999999999,84.8,84.39999999999999,84.39999999999999,84.39999999999999
fru-miR-125a,10.6,10.0,10.8,13.600000000000001,13.8,13.4,13.8,13.8
fru-miR-128,44.800000000000004,42.8,36.0,31.0,31.8,34.8,32.0,32.800000000000004
fru-miR-130,35.6,33.6,34.2,34.4,34.4,35.0,34.4,33.2
fru-miR-16,14.799999999999999,15.2,15.8,8.6,8.6,15.8,8.799999999999999,8.6
fru-miR-17,57.8,57.8,56.599999999999994,51.0,51.0,56.8,51.4,51.2
fru-miR-17,57.8,57.8,56.599999999999994,51.0,51.0,56.8,51.4,51.2
fru-miR-181a-3p,43.2,40.6,44.2,42.6,43.4,46.6,47.4,44.4
fru-miR-181a-5p,54.400000000000006,54.6,53.800000000000004,56.99999999999999,54.6,53.6,54.400000000000006,54.0
fru-miR-181a-5p,54.400000000000006,54.6,53.800000000000004,56.99999999999999,54.6,53.6,54.400000000000006,54.0
fru-miR-184,87.4,87.6,87.8,98.0,96.0,87.8,90.60000000000001,92.80000000000001
fru-miR-192,28.000000000000004,29.4,27.6,30.599999999999998,30.599999999999998,27.800000000000004,30.8,30.8
fru-miR-199,9.4,11.200000000000001,12.2,3.5999999999999996,3.5999999999999996,11.600000000000001,3.5999999999999996,3.5999999999999996
fru-miR-19b,26.8,26.8,24.8,24.2,21.4,24.8,23.0,23.599999999999998
fru-miR-20,69.39999999999999,70.0,63.0,59.0,59.0,62.6,60.199999999999996,60.4
fru-miR-200a,61.0,61.6,61.4,42.8,44.800000000000004,57.8,50.8,51.2
fru-miR-200b,59.0,58.8,52.6,41.6,41.6,51.6,38.0,38.2
fru-miR-205,89.4,83.0,83.2,71.2,71.2,81.0,80.4,79.60000000000001
fru-miR-210,,,,83.39999999999999,83.39999999999999,,83.39999999999999,83.39999999999999
fru-miR-216b,35.199999999999996,35.0,52.2,44.4,44.4,52.0,48.4,45.4
fru-miR-218a,23.400000000000002,20.8,21.4,18.8,25.8,21.4,20.8,19.400000000000002
fru-miR-221,66.0,66.60000000000001,69.19999999999999,55.800000000000004,56.00000000000001,68.2,57.199999999999996,57.8
fru-miR-222,62.8,61.4,67.80000000000001,55.400000000000006,55.2,62.6,55.2,55.400000000000006
fru-miR-22a,45.800000000000004,44.6,37.0,33.4,33.0,32.800000000000004,31.4,33.0
fru-miR-25,49.4,51.2,45.800000000000004,48.4,48.4,46.6,48.4,48.4
fru-miR-27c,41.6,38.4,33.2,35.0,35.0,32.2,35.199999999999996,35.0
fru-miR-30b,,,,78.8,78.8,,78.8,78.8
fru-miR-30d,7.8,7.8,7.3999999999999995,8.6,9.4,7.3999999999999995,7.3999999999999995,7.3999999999999995
fru-miR-375,63.800000000000004,63.800000000000004,68.2,66.0,65.8,67.60000000000001,65.8,65.8
fru-miR-92,96.2,96.2,90.2,91.4,91.4,90.2,91.4,91.4
fru-miR-92,96.2,96.2,90.2,91.4,91.4,90.2,91.4,91.4
gga-miR-130c-3p,32.4,32.2,30.599999999999998,32.0,31.6,28.799999999999997,31.6,28.199999999999996
gga-miR-133c-3p,68.8,67.4,67.80000000000001,64.8,64.60000000000001,69.39999999999999,64.60000000000001,64.60000000000001
gga-miR-181a-3p,42.6,39.800000000000004,43.4,41.6,42.4,45.800000000000004,46.6,43.4
gga-miR-181a-5p,55.2,55.400000000000006,54.6,55.2,52.800000000000004,54.400000000000006,52.6,52.2
gga-miR-181a-5p,55.2,55.400000000000006,54.6,55.2,52.800000000000004,54.400000000000006,52.6,52.2
gga-miR-183,33.0,31.2,43.4,75.2,75.2,48.199999999999996,68.4,68.2
gga-miR-184-3p,86.8,87.0,87.4,92.2,92.2,87.6,87.2,90.0
gga-miR-200b-3p,60.199999999999996,60.199999999999996,54.0,43.2,43.2,53.0,39.6,39.800000000000004
gga-miR-203a,24.4,22.6,19.400000000000002,16.400000000000002,16.400000000000002,17.2,16.400000000000002,16.400000000000002
gga-miR-204,17.0,16.8,18.4,19.0,19.0,18.8,19.0,19.0
gga-miR-204,17.0,16.8,18.4,19.0,19.0,18.8,19.0,19.0
gga-miR-205a,90.4,84.0,84.2,72.2,72.2,82.19999999999999,81.39999999999999,81.39999999999999
gga-miR-20a-5p,71.39999999999999,72.0,64.8,61.199999999999996,61.199999999999996,64.60000000000001,62.6,63.0
gga-miR-221-3p,66.2,66.8,69.39999999999999,56.00000000000001,56.2,68.4,57.4,57.99999999999999
gga-miR-222a,60.6,60.199999999999996,67.2,54.800000000000004,54.6,60.6,54.6,55.00000000000001
gga-miR-26a-2-5p,3.0,3.0,2.0,2.6,2.6,2.0,2.0,2.6
gga-miR-26a-2-5p,3.0,3.0,2.0,2.6,2.6,2.0,2.0,2.6
gga-miR-26a-5p,2.4,2.4,1.6,2.1999999999999997,2.1999999999999997,1.6,1.6,2.1999999999999997
gga-miR-26a-5p,2.4,2.4,1.6,2.1999999999999997,2.1999999999999997,1.6,1.6,2.1999999999999997
gga-miR-301b-3p,1.0,0.2,0.2,1.2,1.2,0.2,1.2,1.2
gga-miR-30b-5p,,,,76.6,76.6,,76.6,76.6
gga-miR-30c-5p,56.599999999999994,59.199999999999996,62.0,63.4,63.2,63.2,63.6,63.0
gga-miR-30d,6.800000000000001,6.800000000000001,6.800000000000001,9.6,9.6,6.800000000000001,6.800000000000001,6.800000000000001
gga-miR-30e-5p,14.000000000000002,14.000000000000002,13.8,7.6,7.6,13.8,11.0,11.0
gga-miR-451,94.0,91.4,96.6,88.6,88.4,96.8,91.60000000000001,91.0
gga-miR-454-3p,57.8,57.99999999999999,53.800000000000004,54.6,50.2,55.00000000000001,49.0,50.8
gga-miR-456-3p,57.199999999999996,53.800000000000004,57.8,58.8,58.8,59.4,50.6,56.39999999999999
gga-miR-92-3p,93.8,93.8,88.2,88.2,88.2,88.2,88.2,88.2
ggo-miR-182,66.0,64.0,66.8,81.39999999999999,80.4,66.4,77.8,77.2
ggo-miR-200a,64.4,65.0,63.800000000000004,47.4,48.0,61.0,52.6,53.0
ggo-miR-206,87.0,87.0,87.2,82.39999999999999,82.39999999999999,86.6,82.39999999999999,82.39999999999999
ggo-miR-30c,54.800000000000004,57.4,61.0,61.4,61.4,62.0,61.8,61.199999999999996
ggo-miR-30e,12.0,12.0,11.600000000000001,5.4,5.4,9.8,9.0,9.0
ggo-miR-375,81.39999999999999,81.8,81.8,,,81.8,,
ggo-miR-454,40.6,39.800000000000004,32.800000000000004,37.4,38.4,38.800000000000004,41.199999999999996,41.6
gmo-let-7a-5p,78.60000000000001,78.8,79.2,79.2,82.8,79.2,78.4,83.2
gmo-let-7a-5p,78.60000000000001,78.8,79.2,79.2,82.8,79.2,78.4,83.2
gmo-let-7a-5p,78.60000000000001,78.8,79.2,79.2,82.8,79.2,78.4,83.2
gmo-let-7d-5p,73.4,73.8,73.6,68.60000000000001,68.4,73.6,68.4,66.60000000000001
gmo-miR-100a-5p,91.2,91.2,90.2,87.2,87.2,90.2,90.0,87.4
gmo-miR-10a-5p,64.0,67.60000000000001,82.0,85.6,85.8,85.39999999999999,85.39999999999999,85.39999999999999
gmo-miR-10b-5p,89.2,89.2,,,,,,
gmo-miR-10c-5p,47.4,47.8,58.199999999999996,67.4,67.4,58.199999999999996,67.60000000000001,67.4
gmo-miR-125a-5p,9.4,8.799999999999999,10.6,12.4,12.6,13.200000000000001,12.6,12.6
gmo-miR-125b-5p,4.0,4.0,6.6000000000000005,11.200000000000001,11.799999999999999,6.6000000000000005,12.2,11.200000000000001
gmo-miR-128-3p,45.0,40.6,34.2,29.4,30.0,33.800000000000004,29.799999999999997,30.599999999999998
gmo-miR-128-3p,45.0,40.6,34.2,29.4,30.0,33.800000000000004,29.799999999999997,30.599999999999998
gmo-miR-130a-3p,36.6,34.599999999999994,36.6,35.4,35.4,36.6,35.4,34.2
gmo-miR-16b-5p,15.6,15.6,16.2,9.0,9.0,16.2,9.2,8.799999999999999
gmo-miR-17-5p,60.0,60.199999999999996,59.0,53.2,53.2,59.199999999999996,53.6,53.6
gmo-miR-17-5p,60.0,60.199999999999996,59.0,53.2,53.2,59.199999999999996,53.6,53.6
gmo-miR-181a-5p,57.599999999999994,57.8,56.99999999999999,58.199999999999996,55.800000000000004,56.8,55.60000000000001,55.2
gmo-miR-181a-5p,57.599999999999994,57.8,56.99999999999999,58.199999999999996,55.800000000000004,56.8,55.60000000000001,55.2
gmo-miR-181a-5p,57.599999999999994,57.8,56.99999999999999,58.199999999999996,55.800000000000004,56.8,55.60000000000001,55.2
gmo-miR-181a-5p,57.599999999999994,57.8,56.99999999999999,58.199999999999996,55.800000000000004,56.8,55.60000000000001,55.2
gmo-miR-181b-5p,60.6,61.0,64.0,63.2,63.2,64.0,63.2,62.8
gmo-miR-181b-5p,60.6,61.0,64.0,63.2,63.2,64.0,63.2,62.8
gmo-miR-181c-5p,76.2,75.4,77.0,76.0,78.0,77.2,77.8,77.8
gmo-miR-184-3p,87.6,87.8,88.0,98.2,96.2,88.0,90.8,93.0
gmo-miR-192-5p,27.0,28.4,27.400000000000002,30.0,30.0,27.400000000000002,30.0,30.2
gmo-miR-196a-5p,61.6,62.2,62.2,55.400000000000006,55.400000000000006,62.2,55.60000000000001,55.60000000000001
gmo-miR-199-3p,30.0,34.599999999999994,35.4,42.6,41.0,39.0,39.4,39.800000000000004
gmo-miR-199-4-3p,29.799999999999997,34.4,35.199999999999996,42.4,40.8,39.0,39.2,39.6
gmo-miR-199-5p,7.6,9.4,9.8,1.7999999999999998,1.6,9.4,1.6,1.6
gmo-miR-19b-3p,24.4,24.4,22.400000000000002,23.799999999999997,21.0,22.400000000000002,22.6,23.200000000000003
gmo-miR-19b-3p,24.4,24.4,22.400000000000002,23.799999999999997,21.0,22.400000000000002,22.6,23.200000000000003
gmo-miR-200a-3p,84.39999999999999,81.2,82.0,77.2,77.0,82.0,77.8,77.8
gmo-miR-200b-3p,60.6,60.8,53.0,42.6,42.6,49.2,40.0,39.2
gmo-miR-203a-3p,38.6,38.6,25.0,20.200000000000003,21.4,24.4,25.0,21.0
gmo-miR-203b-3p,83.39999999999999,82.0,81.6,76.2,76.2,81.39999999999999,76.2,76.0
gmo-miR-204-5p,11.4,11.4,13.200000000000001,15.8,16.2,15.8,15.8,15.8
gmo-miR-204-5p,11.4,11.4,13.200000000000001,15.8,16.2,15.8,15.8,15.8
gmo-miR-204-5p,11.4,11.4,13.200000000000001,15.8,16.2,15.8,15.8,15.8
gmo-miR-205-5p,89.60000000000001,83.2,83.39999999999999,71.39999999999999,71.39999999999999,81.2,80.60000000000001,79.80000000000001
gmo-miR-205-5p,89.60000000000001,83.2,83.39999999999999,71.39999999999999,71.39999999999999,81.2,80.60000000000001,79.80000000000001
gmo-miR-206-3p,88.0,88.0,88.2,,,88.2,,
gmo-miR-20a-5p,72.0,72.6,65.60000000000001,59.599999999999994,59.599999999999994,65.2,61.6,62.0
gmo-miR-20a-5p,72.0,72.6,65.60000000000001,59.599999999999994,59.599999999999994,65.2,61.6,62.0
gmo-miR-20a-5p,72.0,72.6,65.60000000000001,59.599999999999994,59.599999999999994,65.2,61.6,62.0
gmo-miR-21-5p,98.6,98.8,99.2,92.80000000000001,92.80000000000001,99.2,92.80000000000001,92.80000000000001
gmo-miR-210-3p,,,,84.8,84.8,,84.8,84.8
gmo-miR-216b-5p,35.4,35.199999999999996,52.6,44.800000000000004,44.800000000000004,52.400000000000006,48.6,45.6
gmo-miR-218a-5p,23.799999999999997,21.0,21.6,19.2,26.0,21.6,21.0,19.8
gmo-miR-25-3p,47.199999999999996,44.800000000000004,46.400000000000006,47.199999999999996,47.4,45.4,47.4,47.4
gmo-miR-26a-5p,0.4,0.4,0.4,1.0,0.2,0.4,0.2,0.4
gmo-miR-26a-5p,0.4,0.4,0.4,1.0,0.2,0.4,0.2,0.4
gmo-miR-26a-5p,0.4,0.4,0.4,1.0,0.2,0.4,0.2,0.4
gmo-miR-26a-5p,0.4,0.4,0.4,1.0,0.2,0.4,0.2,0.4
gmo-miR-26b-5p,2.6,4.8,4.0,5.2,5.2,4.0,5.2,5.6000000000000005
gmo-miR-27c-3p,57.4,56.99999999999999,60.199999999999996,58.599999999999994,58.4,60.199999999999996,56.8,56.00000000000001
gmo-miR-30a-5p,6.6000000000000005,6.6000000000000005,6.6000000000000005,10.8,10.8,6.6000000000000005,6.6000000000000005,6.6000000000000005
gmo-miR-30b-5p,59.0,61.6,63.6,63.800000000000004,63.6,64.4,64.0,63.6
gmo-miR-30c-5p,,,,77.60000000000001,77.60000000000001,,77.60000000000001,77.60000000000001
gmo-miR-30e-5p,11.4,11.4,11.0,4.8,4.8,9.4,8.4,8.4
gmo-miR-30e-5p,11.4,11.4,11.0,4.8,4.8,9.4,8.4,8.4
gmo-miR-429-3p,44.0,44.0,39.6,30.2,29.4,37.2,30.599999999999998,29.799999999999997
gmo-miR-451-5p,91.0,91.0,93.60000000000001,87.8,85.2,91.0,90.4,85.2
gmo-miR-9-5p,20.599999999999998,23.400000000000002,24.4,24.8,25.2,24.4,24.6,24.6
gmo-miR-99-5p,36.6,35.8,41.199999999999996,48.0,47.199999999999996,41.199999999999996,46.2,47.199999999999996
hco-miR-9,14.6,17.4,18.4,18.4,18.4,18.4,18.4,18.4
hhi-miR-181b,60.0,60.4,63.2,62.8,62.8,63.2,62.6,62.4
hhi-miR-182,67.80000000000001,65.8,68.60000000000001,83.0,82.19999999999999,68.2,79.60000000000001,79.0
hhi-miR-183,32.800000000000004,31.2,43.0,75.6,75.4,47.4,68.4,68.4
hhi-miR-199a,7.3999999999999995,9.2,9.8,1.4000000000000001,1.4000000000000001,9.2,1.4000000000000001,1.4000000000000001
hhi-miR-21,98.4,98.4,98.8,92.4,92.4,98.8,92.4,92.4
hhi-miR-26,4.6,4.6,4.6,4.6,4.6,4.6,4.6,4.6
hhi-miR-26,4.6,4.6,4.6,4.6,4.6,4.6,4.6,4.6
hhi-miR-301,2.6,1.7999999999999998,1.7999999999999998,1.7999999999999998,1.7999999999999998,1.7999999999999998,1.7999999999999998,1.7999999999999998
hme-miR-133,67.2,69.0,71.0,75.8,76.0,75.0,73.4,75.2
hme-miR-184,83.8,87.2,93.4,97.2,97.2,94.8,97.2,97.2
hpo-let-7-5p,79.0,80.0,79.60000000000001,79.80000000000001,83.39999999999999,79.60000000000001,78.8,83.6
hpo-miR-100-5p,93.2,95.39999999999999,93.0,94.8,94.8,93.2,95.39999999999999,95.39999999999999
hpo-miR-9-5p,22.400000000000002,25.2,26.200000000000003,22.2,19.0,26.200000000000003,25.0,25.0
hsa-miR-100-5p,89.60000000000001,89.60000000000001,89.0,86.0,86.0,89.0,88.8,86.2
hsa-miR-126-5p,32.2,33.800000000000004,40.0,44.4,45.4,42.0,48.199999999999996,42.6
hsa-miR-128-3p,46.6,42.6,35.4,30.8,31.4,34.599999999999994,31.6,32.2
hsa-miR-130a-3p,33.6,33.4,31.8,33.2,32.800000000000004,30.0,32.800000000000004,29.4
hsa-miR-143-3p,13.4,15.4,29.2,38.2,35.199999999999996,29.2,34.599999999999994,35.0
hsa-miR-181a-3p,42.199999999999996,39.6,43.2,41.4,42.199999999999996,45.6,46.400000000000006,43.2
hsa-miR-181a-5p,55.60000000000001,55.800000000000004,55.00000000000001,55.60000000000001,53.2,54.800000000000004,53.0,52.6
hsa-miR-181b-5p,61.8,62.2,65.0,64.8,64.8,65.0,65.60000000000001,64.0
hsa-miR-181b-5p,61.8,62.2,65.0,64.8,64.8,65.0,65.60000000000001,64.0
hsa-miR-183-5p,33.4,31.6,43.6,75.8,75.6,47.8,68.60000000000001,68.60000000000001
hsa-miR-184,85.6,85.8,86.4,91.0,91.0,86.4,86.0,88.8
hsa-miR-199a-3p,29.4,35.8,36.6,41.8,40.2,40.400000000000006,40.6,39.0
hsa-miR-199a-5p,7.8,9.6,10.8,1.7999999999999998,1.7999999999999998,10.2,1.7999999999999998,1.7999999999999998
hsa-miR-204-5p,16.6,16.400000000000002,18.0,18.4,18.4,18.2,18.4,18.4
hsa-miR-205-5p,90.8,84.39999999999999,84.6,72.6,72.6,82.8,82.19999999999999,82.19999999999999
hsa-miR-221-3p,67.0,68.0,70.0,56.8,56.8,69.8,57.99999999999999,58.599999999999994
hsa-miR-26a-5p,3.8,3.8,3.0,3.8,3.8,3.0,3.0,3.8
hsa-miR-30b-5p,,,,79.2,79.2,,79.2,79.2
hsa-miR-451a,95.6,93.0,98.2,90.2,90.0,98.4,93.2,92.60000000000001
hsa-miR-454-3p,40.8,40.0,33.0,37.0,38.0,38.4,40.8,41.199999999999996
ipu-let-7a,83.2,83.39999999999999,83.8,82.0,79.2,83.8,81.2,79.2
ipu-miR-199a-3p,41.6,52.0,59.199999999999996,58.199999999999996,57.599999999999994,66.8,56.2,55.400000000000006
ipu-miR-199a-3p,41.6,52.0,59.199999999999996,58.199999999999996,57.599999999999994,66.8,56.2,55.400000000000006
ipu-miR-199a-5p,8.0,9.8,11.200000000000001,2.0,2.0,10.6,2.0,2.0
ipu-miR-199a-5p,8.0,9.8,11.200000000000001,2.0,2.0,10.6,2.0,2.0
isc-let-7,77.4,77.4,78.8,80.2,83.39999999999999,78.8,79.60000000000001,81.2
isc-miR-100,91.4,93.60000000000001,91.4,93.2,93.2,91.60000000000001,93.8,93.8
isc-miR-133,65.2,61.4,64.8,76.2,77.4,69.0,73.4,78.2
isc-miR-184,85.0,88.4,94.39999999999999,95.19999999999999,95.8,94.39999999999999,95.19999999999999,95.8
lca-miR-19b,25.8,25.8,23.799999999999997,26.0,23.0,23.799999999999997,24.6,25.4
lgi-let-7,78.0,78.0,78.4,78.4,79.4,78.4,78.0,78.4
lgi-miR-100,98.8,98.4,96.2,95.6,95.39999999999999,93.8,96.0,96.0
lgi-miR-133-3p,68.60000000000001,69.39999999999999,71.2,77.2,77.2,74.8,73.8,75.8
lgi-miR-153,14.2,10.4,4.8,12.6,12.4,4.8,9.8,15.8
lgi-miR-184,85.2,88.6,94.6,95.39999999999999,95.19999999999999,93.8,95.39999999999999,95.19999999999999
lgi-miR-375,64.2,64.2,71.2,66.4,66.2,71.2,66.2,66.8
lgi-miR-9-5p,22.0,24.8,25.8,18.8,18.6,25.8,22.6,18.8
lmi-miR-10-5p,100.0,100.0,100.0,100.0,100.0,100.0,100.0,100.0
lmi-miR-9a-5p,20.4,23.200000000000003,24.2,25.0,25.4,24.2,24.4,24.8
lva-miR-125-5p,6.0,5.800000000000001,8.4,13.600000000000001,14.000000000000002,8.6,13.600000000000001,12.4
lva-miR-184-3p,84.8,88.2,94.19999999999999,95.0,95.0,93.60000000000001,95.0,95.0
lva-miR-92b-3p,37.4,33.4,30.4,34.2,34.4,28.799999999999997,36.4,34.2
lva-miR-92b-3p,37.4,33.4,30.4,34.2,34.4,28.799999999999997,36.4,34.2
mdo-let-7a-5p,82.8,83.0,83.39999999999999,83.39999999999999,81.2,83.6,82.8,80.80000000000001
mdo-let-7a-5p,82.8,83.0,83.39999999999999,83.39999999999999,81.2,83.6,82.8,80.80000000000001
mdo-miR-125b-5p,7.8,7.8,10.0,16.400000000000002,16.2,9.0,15.6,14.6
mdo-miR-128a-3p,45.2,40.8,35.4,32.0,32.6,33.4,30.0,33.6
mdo-miR-133a-3p,69.6,70.19999999999999,71.8,75.8,75.8,75.4,73.4,74.8
mdo-miR-16-5p,20.0,22.400000000000002,17.4,21.0,18.0,18.0,17.4,21.6
mdo-miR-16-5p,20.0,22.400000000000002,17.4,21.0,18.0,18.0,17.4,21.6
mdo-miR-17-5p,58.4,58.4,57.199999999999996,51.6,51.6,57.599999999999994,52.400000000000006,51.800000000000004
mdo-miR-181a-5p,56.00000000000001,56.2,55.400000000000006,56.00000000000001,53.6,55.2,53.400000000000006,53.0
mdo-miR-181b-5p,59.4,59.8,62.8,62.2,62.2,62.8,62.2,61.8
mdo-miR-181b-5p,59.4,59.8,62.8,62.2,62.2,62.8,62.2,61.8
mdo-miR-184-3p,85.2,85.39999999999999,86.0,90.60000000000001,90.60000000000001,86.0,85.6,88.4
mdo-miR-199b-3p,29.4,35.8,36.4,41.6,40.0,40.2,40.400000000000006,38.800000000000004
mdo-miR-19b-3p,25.2,25.2,23.200000000000003,25.2,22.0,23.200000000000003,24.0,24.6
mdo-miR-203,21.8,19.6,16.400000000000002,15.8,15.0,15.2,15.8,15.0
mdo-miR-204,13.200000000000001,13.0,14.799999999999999,17.4,17.4,17.0,17.4,17.4
mdo-miR-20a-5p,70.19999999999999,70.8,63.6,60.0,60.0,63.4,61.199999999999996,61.6
mdo-miR-26-5p,1.7999999999999998,1.7999999999999998,1.0,2.0,1.4000000000000001,1.0,0.6,1.6
mdo-miR-26-5p,1.7999999999999998,1.7999999999999998,1.0,2.0,1.4000000000000001,1.0,0.6,1.6
mdo-miR-26-5p,1.7999999999999998,1.7999999999999998,1.0,2.0,1.4000000000000001,1.0,0.6,1.6
mdo-miR-27b-3p,26.0,26.8,15.0,15.0,15.0,14.2,15.0,15.0
mdo-miR-92a-3p,95.19999999999999,95.19999999999999,89.60000000000001,89.60000000000001,89.60000000000001,89.60000000000001,89.60000000000001,89.60000000000001
mdo-miR-9a-5p,21.0,23.799999999999997,24.8,25.8,25.8,24.8,25.4,25.4
mle-miR-153-3p,14.399999999999999,10.6,5.0,15.4,13.0,5.0,10.4,16.400000000000002
mle-miR-184-3p,88.6,92.0,98.2,99.6,99.6,98.2,99.6,99.6
mle-miR-375-3p,65.4,65.4,72.6,67.60000000000001,67.4,72.6,67.4,68.0
mle-miR-9-5p,22.2,25.0,26.0,19.0,18.8,26.0,24.8,23.0
mml-miR-182,66.4,64.4,67.2,81.8,80.80000000000001,66.8,78.2,77.60000000000001
mml-miR-203,57.599999999999994,60.8,59.599999999999994,50.8,50.8,56.599999999999994,51.0,50.2
mmr-miR-199,42.0,52.400000000000006,60.0,58.199999999999996,57.599999999999994,67.2,56.99999999999999,55.800000000000004
mmu-miR-100-5p,97.39999999999999,97.39999999999999,95.19999999999999,97.2,98.2,95.39999999999999,97.2,98.2
mmu-miR-130b-5p,49.6,49.6,45.2,43.6,43.6,43.6,42.4,42.4
mmu-miR-133a-3p,66.60000000000001,67.60000000000001,69.8,73.2,73.4,73.0,71.0,72.0
mmu-miR-16-5p,20.4,22.8,17.8,21.4,18.4,18.4,17.8,22.0
mmu-miR-16-5p,20.4,22.8,17.8,21.4,18.4,18.4,17.8,22.0
mmu-miR-17-5p,58.199999999999996,58.199999999999996,56.99999999999999,51.4,51.4,57.4,52.2,51.6
mmu-miR-181b-5p,61.199999999999996,61.6,64.4,64.2,64.2,64.4,65.0,63.4
mmu-miR-199a-3p,29.4,36.0,36.8,42.0,40.400000000000006,40.6,40.8,39.2
mmu-miR-199a-5p,9.2,11.0,12.2,3.4000000000000004,3.4000000000000004,11.600000000000001,3.4000000000000004,3.4000000000000004
mmu-miR-20a-5p,71.2,71.8,64.60000000000001,61.0,61.0,64.4,62.4,62.8
mmu-miR-26a-5p,3.4000000000000004,3.4000000000000004,2.6,3.4000000000000004,3.4000000000000004,2.6,2.6,3.4000000000000004
mmu-miR-301a-3p,1.2,0.4,0.4,0.2,0.2,0.4,0.2,0.2
mmu-miR-30b-5p,,,,79.60000000000001,79.60000000000001,,79.60000000000001,79.60000000000001
mmu-miR-451a,94.6,92.0,97.2,89.2,89.0,97.39999999999999,92.2,91.60000000000001
mmu-miR-92a-3p,93.4,93.4,87.8,87.8,87.8,87.8,87.8,87.8
mne-miR-181a-5p,55.800000000000004,56.00000000000001,55.2,55.800000000000004,53.400000000000006,55.00000000000001,53.2,52.800000000000004
mse-miR-100,95.8,96.0,93.8,95.8,95.6,94.0,96.2,96.2
mse-miR-133,69.8,69.6,72.39999999999999,76.8,76.8,74.4,73.0,75.4
mse-miR-184,84.0,87.4,93.60000000000001,97.39999999999999,97.39999999999999,95.0,97.39999999999999,97.39999999999999
mze-let-7a,77.60000000000001,77.60000000000001,78.0,78.0,79.0,78.0,77.60000000000001,78.0
mze-miR-204,12.0,12.0,13.8,16.2,16.6,16.2,16.2,16.2
mze-miR-204,12.0,12.0,13.8,16.2,16.6,16.2,16.2,16.2
mze-miR-20a,71.8,72.39999999999999,65.4,59.4,59.4,65.0,60.8,61.199999999999996
mze-miR-456,56.8,53.400000000000006,57.599999999999994,58.8,58.199999999999996,59.0,49.6,56.00000000000001
nbr-miR-10a,63.800000000000004,67.4,81.8,85.39999999999999,85.6,85.2,85.2,85.2
nbr-miR-181a,76.2,75.4,76.8,75.8,77.8,77.0,77.8,77.8
nbr-miR-199,42.199999999999996,52.6,60.199999999999996,58.199999999999996,57.599999999999994,67.4,57.4,56.00000000000001
nvi-miR-10,99.6,99.6,99.6,99.6,99.6,99.6,99.6,99.6
nvi-miR-125,3.5999999999999996,3.5999999999999996,6.2,10.8,11.4,6.2,11.799999999999999,10.8
nvi-miR-184,88.2,91.60000000000001,97.8,99.2,99.2,97.8,99.2,99.2
nvi-miR-9a,17.8,20.8,20.8,21.6,22.2,21.2,21.4,22.0
oan-miR-125-5p,5.6000000000000005,5.4,8.0,13.200000000000001,13.600000000000001,8.200000000000001,13.200000000000001,12.0
oan-miR-126-5p,32.6,34.2,40.2,44.6,45.6,42.199999999999996,46.2,42.0
oan-miR-128-3p,46.2,42.4,35.0,30.599999999999998,31.2,34.4,31.4,32.0
oan-miR-128-3p,46.2,42.4,35.0,30.599999999999998,31.2,34.4,31.4,32.0
oan-miR-130b-3p,31.8,31.6,30.0,31.4,31.0,28.199999999999996,31.0,27.6
oan-miR-133a-3p,70.39999999999999,69.6,71.2,75.6,75.8,75.0,73.2,74.8
oan-miR-153-3p,13.0,9.0,3.4000000000000004,7.3999999999999995,7.3999999999999995,3.4000000000000004,7.3999999999999995,7.3999999999999995
oan-miR-16a-5p,19.6,22.0,17.0,20.599999999999998,17.599999999999998,17.599999999999998,17.0,21.2
oan-miR-181a-1-3p,42.199999999999996,39.4,43.0,41.199999999999996,42.0,45.4,46.2,43.0
oan-miR-181a-5p,55.400000000000006,55.60000000000001,54.800000000000004,55.400000000000006,53.0,54.6,52.800000000000004,52.400000000000006
oan-miR-181a-5p,55.400000000000006,55.60000000000001,54.800000000000004,55.400000000000006,53.0,54.6,52.800000000000004,52.400000000000006
oan-miR-181b-5p,60.199999999999996,60.6,63.4,63.0,63.0,63.4,62.8,62.6
oan-miR-182-5p,67.0,64.8,67.60000000000001,82.39999999999999,81.6,67.2,79.0,78.4
oan-miR-183,33.6,31.8,43.8,75.6,74.8,48.0,68.4,67.80000000000001
oan-miR-196a-5p,60.8,61.4,61.4,54.400000000000006,54.2,61.4,54.800000000000004,54.800000000000004
oan-miR-199-3p,23.599999999999998,28.799999999999997,29.4,36.4,36.0,31.0,36.0,36.0
oan-miR-199-5p,7.199999999999999,12.6,14.399999999999999,4.8,4.8,14.399999999999999,4.8,4.8
oan-miR-19b-3p,27.800000000000004,27.800000000000004,25.8,27.0,24.4,26.200000000000003,26.0,26.400000000000002
oan-miR-200a-3p,65.0,65.60000000000001,64.4,48.0,48.6,61.6,53.2,53.6
oan-miR-200b-3p,60.4,60.0,53.800000000000004,42.4,42.4,52.400000000000006,38.800000000000004,39.0
oan-miR-204-5p,13.4,13.4,15.0,17.2,17.2,16.8,17.2,17.2
oan-miR-205-5p,89.2,82.8,83.0,71.0,71.0,80.80000000000001,80.2,71.0
oan-miR-206-3p,87.2,87.2,87.4,82.6,82.6,86.8,82.6,82.6
oan-miR-218-5p,22.6,20.0,20.599999999999998,18.0,24.8,20.599999999999998,20.0,18.6
oan-miR-218-5p,22.6,20.0,20.599999999999998,18.0,24.8,20.599999999999998,20.0,18.6
oan-miR-221-3p,68.2,69.39999999999999,71.39999999999999,57.99999999999999,57.99999999999999,71.0,59.8,59.8
oan-miR-222a-3p,61.8,61.6,68.0,55.400000000000006,55.2,61.8,55.2,55.60000000000001
oan-miR-26-5p,1.4000000000000001,1.4000000000000001,0.6,3.2,3.2,0.6,1.4000000000000001,3.2
oan-miR-26-5p,1.4000000000000001,1.4000000000000001,0.6,3.2,3.2,0.6,1.4000000000000001,3.2
oan-miR-27b-3p,18.4,20.8,16.6,16.400000000000002,16.400000000000002,16.400000000000002,16.400000000000002,19.0
oan-miR-301-3p,2.0,1.2,1.2,0.8,0.8,1.2,0.8,0.8
oan-miR-30a-3p,16.8,16.8,29.2,35.199999999999996,34.2,29.799999999999997,34.0,34.0
oan-miR-30b-5p,,,,79.80000000000001,79.80000000000001,,79.80000000000001,79.80000000000001
oan-miR-30c-5p,57.199999999999996,59.8,63.2,64.60000000000001,64.60000000000001,65.2,65.0,64.4
oan-miR-30c-5p,57.199999999999996,59.8,63.2,64.60000000000001,64.60000000000001,65.2,65.0,64.4
oan-miR-30d-5p,8.0,8.0,7.6,10.2,10.2,7.6,7.6,7.6
oan-miR-30e-5p,13.200000000000001,13.200000000000001,12.8,6.6000000000000005,6.6000000000000005,11.200000000000001,10.2,10.2
oan-miR-429-3p,42.8,44.4,42.199999999999996,29.799999999999997,29.4,37.8,28.999999999999996,30.2
oan-miR-451,94.19999999999999,91.60000000000001,96.8,88.8,88.6,97.0,91.8,91.2
oan-miR-454-3p,40.2,39.4,32.4,36.8,37.8,38.2,40.6,41.0
oan-miR-9-3p,72.2,72.2,60.8,50.4,50.4,60.8,48.199999999999996,57.99999999999999
oan-miR-9-5p,18.0,20.200000000000003,19.2,23.0,23.200000000000003,19.0,21.2,21.4
oan-miR-92a-3p,96.39999999999999,96.39999999999999,90.4,91.60000000000001,91.60000000000001,90.4,91.60000000000001,91.60000000000001
oan-miR-92a-3p,96.39999999999999,96.39999999999999,90.4,91.60000000000001,91.60000000000001,90.4,91.60000000000001,91.60000000000001
oan-miR-99-5p,37.8,37.0,42.4,49.2,48.4,42.4,47.4,48.4
ocu-miR-100-5p,90.8,90.8,90.4,87.4,87.4,90.4,90.2,87.6
ocu-miR-181b-5p,62.4,62.8,65.4,65.2,65.2,65.60000000000001,65.8,64.4
ocu-miR-199a-3p,29.599999999999998,34.2,35.0,42.199999999999996,40.6,38.800000000000004,39.0,39.4
ocu-miR-199a-5p,8.799999999999999,10.6,12.4,2.8000000000000003,2.8000000000000003,12.4,2.8000000000000003,2.8000000000000003
ocu-miR-92a-3p,98.0,98.0,92.0,90.8,90.8,92.0,90.8,90.8
odi-miR-92a,38.800000000000004,34.599999999999994,32.2,35.6,35.6,32.2,36.8,35.199999999999996
oha-miR-125a-5p,10.0,9.4,9.6,12.6,12.8,12.2,12.8,12.8
oha-miR-125b-5p,3.8,3.8,6.4,11.0,11.600000000000001,6.4,12.0,11.0
oha-miR-130b-3p,33.4,33.2,31.6,33.0,32.6,29.799999999999997,32.6,29.2
oha-miR-130d,56.599999999999994,57.199999999999996,60.8,62.2,62.0,60.8,59.599999999999994,60.4
oha-miR-140-3p,59.199999999999996,59.199999999999996,59.8,55.2,54.400000000000006,57.8,54.400000000000006,51.6
oha-miR-17-5p,59.4,59.4,58.4,52.400000000000006,52.400000000000006,58.599999999999994,53.2,52.6
oha-miR-181a-5p,53.800000000000004,54.0,53.2,54.400000000000006,52.0,53.0,51.800000000000004,51.4
oha-miR-181a-5p,53.800000000000004,54.0,53.2,54.400000000000006,52.0,53.0,51.800000000000004,51.4
oha-miR-181b-5p,60.4,60.8,63.6,62.6,62.6,63.6,63.0,62.2
oha-miR-199c-3p,23.799999999999997,28.000000000000004,28.599999999999998,35.8,35.6,30.2,35.6,35.6
oha-miR-199c-5p,7.000000000000001,12.4,14.2,4.6,4.6,13.600000000000001,4.6,4.6
oha-miR-19b-3p,25.4,25.4,23.400000000000002,25.4,22.400000000000002,23.400000000000002,24.2,24.8
oha-miR-200a,62.8,63.4,62.6,42.6,44.6,59.0,49.8,49.6
oha-miR-204-5p,17.0,16.8,18.4,17.599999999999998,17.599999999999998,19.0,17.599999999999998,17.599999999999998
oha-miR-205a-5p,90.0,83.6,83.8,71.8,71.8,81.8,81.0,81.0
oha-miR-206,86.6,86.6,86.8,82.0,82.0,86.2,82.0,82.0
oha-miR-218-5p,22.8,20.200000000000003,20.8,18.2,25.0,20.8,20.200000000000003,18.8
oha-miR-218-5p,22.8,20.200000000000003,20.8,18.2,25.0,20.8,20.200000000000003,18.8
oha-miR-221-3p,67.4,68.4,70.39999999999999,57.199999999999996,57.199999999999996,70.19999999999999,58.4,59.0
oha-miR-222a-3p,60.0,59.199999999999996,66.4,53.6,53.400000000000006,60.0,53.400000000000006,53.800000000000004
oha-miR-26-5p,2.0,2.0,1.2,1.6,1.7999999999999998,1.2,1.0,1.7999999999999998
oha-miR-26-5p,2.0,2.0,1.2,1.6,1.7999999999999998,1.2,1.0,1.7999999999999998
oha-miR-301a-3p,18.2,18.2,14.6,6.2,6.2,14.6,6.2,6.2
oha-miR-30a-3p,16.2,16.2,28.999999999999996,34.8,33.800000000000004,29.599999999999998,34.2,33.6
oha-miR-30b-5p,,,,80.0,80.0,,80.0,80.0
oha-miR-30c-5p,57.4,60.0,62.4,63.6,63.4,63.0,63.800000000000004,63.4
oha-miR-30c-5p,57.4,60.0,62.4,63.6,63.4,63.0,63.800000000000004,63.4
oha-miR-30d-5p,4.8,4.8,4.8,7.8,7.8,4.8,4.8,4.8
oha-miR-429-3p,40.8,44.0,40.400000000000006,30.2,30.4,36.0,30.8,31.2
oha-miR-451-??,94.39999999999999,91.8,97.0,89.0,88.8,97.2,92.0,91.4
oha-miR-455-5p,19.400000000000002,24.2,20.4,18.8,15.8,19.8,17.8,16.6
oha-miR-92a,94.0,94.0,88.4,88.4,88.4,88.4,88.4,88.4
oha-miR-92a,94.0,94.0,88.4,88.4,88.4,88.4,88.4,88.4
oha-miR-92a-3p,93.2,93.2,87.6,87.6,87.6,87.6,87.6,87.6
oha-miR-92a-3p,93.2,93.2,87.6,87.6,87.6,87.6,87.6,87.6
oha-miR-99a-5p,38.0,37.2,42.6,49.4,48.6,42.6,47.599999999999994,48.6
ola-let-7a,81.2,81.39999999999999,82.0,84.6,82.39999999999999,82.0,84.2,82.19999999999999
ola-let-7a,81.2,81.39999999999999,82.0,84.6,82.39999999999999,82.0,84.2,82.19999999999999
ola-let-7a,81.2,81.39999999999999,82.0,84.6,82.39999999999999,82.0,84.2,82.19999999999999
ola-let-7a,81.2,81.39999999999999,82.0,84.6,82.39999999999999,82.0,84.2,82.19999999999999
ola-let-7a-5p,81.39999999999999,81.8,82.19999999999999,85.0,82.6,82.19999999999999,84.39999999999999,83.0
ola-let-7a-5p,81.39999999999999,81.8,82.19999999999999,85.0,82.6,82.19999999999999,84.39999999999999,83.0
ola-let-7a-5p,81.39999999999999,81.8,82.19999999999999,85.0,82.6,82.19999999999999,84.39999999999999,83.0
ola-let-7a-5p,81.39999999999999,81.8,82.19999999999999,85.0,82.6,82.19999999999999,84.39999999999999,83.0
ola-let-7g,61.8,61.0,60.4,54.2,55.00000000000001,60.4,54.400000000000006,54.400000000000006
ola-miR-100,91.2,93.4,91.0,93.0,92.80000000000001,91.2,93.4,93.4
ola-miR-100,91.2,93.4,91.0,93.0,92.80000000000001,91.2,93.4,93.4
ola-miR-10b,63.2,66.8,81.39999999999999,84.8,85.2,84.8,84.8,84.8
ola-miR-125a-5p,10.8,10.2,13.600000000000001,13.8,14.000000000000002,13.600000000000001,14.000000000000002,14.000000000000002
ola-miR-125b,4.2,4.2,6.800000000000001,10.6,11.200000000000001,6.800000000000001,11.600000000000001,10.6
ola-miR-125b,4.2,4.2,6.800000000000001,10.6,11.200000000000001,6.800000000000001,11.600000000000001,10.6
ola-miR-125c,3.4000000000000004,3.4000000000000004,7.000000000000001,11.4,12.0,7.000000000000001,12.4,11.4
ola-miR-126-5p,31.4,33.0,38.6,43.0,44.0,40.6,44.800000000000004,39.4
ola-miR-128,46.2,43.4,37.2,31.6,32.4,35.8,32.6,33.4
ola-miR-130c,36.4,34.4,35.0,35.199999999999996,35.199999999999996,35.8,35.199999999999996,34.0
ola-miR-133-3p,67.0,68.2,71.0,75.8,76.0,75.0,73.4,75.2
ola-miR-133-3p,67.0,68.2,71.0,75.8,76.0,75.0,73.4,75.2
ola-miR-133-3p,67.0,68.2,71.0,75.8,76.0,75.0,73.4,75.2
ola-miR-140-3p,59.0,59.0,59.599999999999994,54.800000000000004,54.2,57.599999999999994,54.2,51.4
ola-miR-143,13.8,26.0,29.599999999999998,38.6,35.6,29.599999999999998,35.4,35.6
ola-miR-16,19.2,21.6,16.6,20.200000000000003,17.2,16.6,16.6,20.8
ola-miR-17,62.4,62.4,59.8,54.0,54.0,59.8,55.800000000000004,54.2
ola-miR-181a-3p,31.2,31.2,32.2,32.800000000000004,32.800000000000004,36.199999999999996,32.800000000000004,34.599999999999994
ola-miR-181a-5p,57.99999999999999,58.199999999999996,57.199999999999996,58.4,56.00000000000001,57.199999999999996,56.00000000000001,57.599999999999994
ola-miR-181a-5p,57.99999999999999,58.199999999999996,57.199999999999996,58.4,56.00000000000001,57.199999999999996,56.00000000000001,57.599999999999994
ola-miR-181b-5p,58.8,59.199999999999996,62.0,61.6,61.6,62.0,61.4,61.0
ola-miR-181b-5p,58.8,59.199999999999996,62.0,61.6,61.6,62.0,61.4,61.0
ola-miR-182,67.4,65.4,68.2,82.6,81.8,67.80000000000001,79.2,78.60000000000001
ola-miR-183-5p,33.800000000000004,32.0,44.2,75.8,75.8,48.4,68.2,68.8
ola-miR-183-5p,33.800000000000004,32.0,44.2,75.8,75.8,48.4,68.2,68.8
ola-miR-184-3p,83.2,86.6,92.80000000000001,94.19999999999999,94.19999999999999,92.80000000000001,94.19999999999999,94.19999999999999
ola-miR-184-3p,83.2,86.6,92.80000000000001,94.19999999999999,94.19999999999999,92.80000000000001,94.19999999999999,94.19999999999999
ola-miR-192-5p,27.800000000000004,29.2,28.4,31.0,31.0,28.4,30.599999999999998,31.2
ola-miR-199a-3p,23.200000000000003,28.4,28.999999999999996,36.6,36.199999999999996,30.599999999999998,36.199999999999996,36.199999999999996
ola-miR-199a-3p,23.200000000000003,28.4,28.999999999999996,36.6,36.199999999999996,30.599999999999998,36.199999999999996,36.199999999999996
ola-miR-199a-3p,23.200000000000003,28.4,28.999999999999996,36.6,36.199999999999996,30.599999999999998,36.199999999999996,36.199999999999996
ola-miR-199a-3p,23.200000000000003,28.4,28.999999999999996,36.6,36.199999999999996,30.599999999999998,36.199999999999996,36.199999999999996
ola-miR-199a-5p,10.2,11.799999999999999,12.0,4.3999999999999995,4.0,11.799999999999999,4.0,4.0
ola-miR-199a-5p,10.2,11.799999999999999,12.0,4.3999999999999995,4.0,11.799999999999999,4.0,4.0
ola-miR-199a-5p,10.2,11.799999999999999,12.0,4.3999999999999995,4.0,11.799999999999999,4.0,4.0
ola-miR-199a-5p,10.2,11.799999999999999,12.0,4.3999999999999995,4.0,11.799999999999999,4.0,4.0
ola-miR-19b,24.2,24.2,22.2,23.599999999999998,20.599999999999998,22.2,22.400000000000002,23.0
ola-miR-19b,24.2,24.2,22.2,23.599999999999998,20.599999999999998,22.2,22.400000000000002,23.0
ola-miR-200a,63.2,63.800000000000004,63.2,44.4,46.400000000000006,59.4,51.2,51.6
ola-miR-200b,60.4,60.4,54.6,42.6,42.6,52.6,39.0,39.2
ola-miR-203,24.0,22.2,19.2,16.2,16.2,17.0,16.2,16.2
ola-miR-204,13.600000000000001,13.600000000000001,15.2,16.400000000000002,15.8,16.400000000000002,16.400000000000002,16.400000000000002
ola-miR-206,86.0,86.0,86.2,81.39999999999999,81.39999999999999,85.6,81.39999999999999,81.39999999999999
ola-miR-20a,70.6,71.2,64.0,60.4,60.4,63.800000000000004,61.8,62.2
ola-miR-20a,70.6,71.2,64.0,60.4,60.4,63.800000000000004,61.8,62.2
ola-miR-21,41.0,38.0,37.4,35.4,32.4,35.8,38.0,32.800000000000004
ola-miR-210-3p,,,,85.0,85.0,,85.0,85.0
ola-miR-218a,24.0,21.2,21.8,19.400000000000002,26.200000000000003,21.8,21.2,20.0
ola-miR-218a,24.0,21.2,21.8,19.400000000000002,26.200000000000003,21.8,21.2,20.0
ola-miR-22,45.2,44.0,37.2,33.2,33.0,32.2,31.0,33.0
ola-miR-22,45.2,44.0,37.2,33.2,33.0,32.2,31.0,33.0
ola-miR-221,67.60000000000001,68.60000000000001,70.6,57.4,57.4,70.39999999999999,58.599999999999994,59.199999999999996
ola-miR-222,60.199999999999996,66.60000000000001,67.60000000000001,56.39999999999999,56.2,61.6,56.39999999999999,56.599999999999994
ola-miR-26,0.6,0.6,3.5999999999999996,0.2,0.6,3.5999999999999996,3.8,0.6
ola-miR-26,0.6,0.6,3.5999999999999996,0.2,0.6,3.5999999999999996,3.8,0.6
ola-miR-26,0.6,0.6,3.5999999999999996,0.2,0.6,3.5999999999999996,3.8,0.6
ola-miR-27c-3p,42.0,38.800000000000004,33.6,35.4,35.4,32.6,35.6,35.4
ola-miR-301b-3p,30.8,26.200000000000003,25.4,25.6,25.0,25.2,25.6,25.6
ola-miR-30a-5p,14.2,14.2,14.000000000000002,7.3999999999999995,7.3999999999999995,14.000000000000002,11.200000000000001,11.200000000000001
ola-miR-30c,59.4,62.0,63.0,62.4,62.2,62.6,62.6,62.2
ola-miR-30d-5p,5.2,5.2,5.2,8.200000000000001,8.200000000000001,5.2,5.2,5.2
ola-miR-92a,93.60000000000001,93.60000000000001,88.0,88.0,88.0,88.0,88.0,88.0
ola-miR-92a,93.60000000000001,93.60000000000001,88.0,88.0,88.0,88.0,88.0,88.0
ola-miR-9a-5p,16.2,19.0,20.200000000000003,20.4,21.0,20.599999999999998,20.0,20.200000000000003
ola-miR-9a-5p,16.2,19.0,20.200000000000003,20.4,21.0,20.599999999999998,20.0,20.200000000000003
ola-miR-9a-5p,16.2,19.0,20.200000000000003,20.4,21.0,20.599999999999998,20.0,20.200000000000003
ola-miR-9a-5p,16.2,19.0,20.200000000000003,20.4,21.0,20.599999999999998,20.0,20.200000000000003
ola-miR-9a-5p,16.2,19.0,20.200000000000003,20.4,21.0,20.599999999999998,20.0,20.200000000000003
ola-miR-9b-5p,15.0,17.8,18.8,19.2,19.8,18.8,18.8,19.0
ola-miR-9b-5p,15.0,17.8,18.8,19.2,19.8,18.8,18.8,19.0
oni-miR-181c,57.4,57.599999999999994,56.8,57.99999999999999,55.60000000000001,56.599999999999994,55.400000000000006,55.00000000000001
oni-miR-19b,20.8,23.799999999999997,18.2,11.799999999999999,9.8,17.0,16.0,15.2
oni-miR-218a,21.2,18.6,19.2,12.2,18.6,19.2,18.0,17.2
oni-miR-454b,57.599999999999994,57.8,54.800000000000004,54.400000000000006,50.6,55.60000000000001,49.2,51.4
pal-miR-184-3p,87.2,87.4,87.6,92.60000000000001,92.60000000000001,87.8,87.6,90.4
pal-miR-92a-3p,98.2,98.2,92.2,91.0,91.0,92.2,91.0,91.0
pbv-let-7a-5p,83.0,83.2,83.6,83.6,81.39999999999999,83.8,83.0,81.0
pbv-miR-100-5p,96.6,96.6,94.39999999999999,96.39999999999999,96.8,94.6,96.8,96.8
pbv-miR-126-5p,31.8,33.4,39.4,43.8,44.800000000000004,41.4,47.599999999999994,42.0
pbv-miR-130b-3p,56.99999999999999,57.599999999999994,61.199999999999996,62.4,62.2,61.199999999999996,60.0,60.6
pbv-miR-130c-3p,35.0,33.0,33.6,33.800000000000004,33.800000000000004,34.4,33.800000000000004,32.6
pbv-miR-133a-3p,66.4,67.60000000000001,69.6,73.2,73.2,73.2,71.0,72.0
pbv-miR-133c-3p,69.0,69.0,68.4,64.2,64.0,68.60000000000001,64.0,64.0
pbv-miR-148b-5p,63.2,66.0,67.0,62.8,62.8,67.0,63.6,60.0
pbv-miR-153-3p,13.200000000000001,9.2,3.5999999999999996,7.6,7.6,3.5999999999999996,7.6,7.6
pbv-miR-181a-5p,53.0,53.2,52.400000000000006,53.6,51.2,52.2,51.0,49.0
pbv-miR-181a-5p,53.0,53.2,52.400000000000006,53.6,51.2,52.2,51.0,49.0
pbv-miR-182-5p,68.4,66.0,68.8,83.2,83.2,68.4,79.80000000000001,79.2
pbv-miR-184-3p,86.6,86.8,87.2,92.0,92.0,87.4,87.0,89.8
pbv-miR-199-3p,24.4,29.4,30.2,37.2,37.2,31.8,37.2,37.2
pbv-miR-199-5p,8.6,10.4,12.2,2.6,2.6,12.2,2.6,2.6
pbv-miR-203-3p,23.200000000000003,21.2,17.0,15.6,15.8,16.0,15.6,15.8
pbv-miR-204-5p,16.400000000000002,16.400000000000002,17.599999999999998,17.8,17.8,17.599999999999998,17.8,17.8
pbv-miR-204-5p,16.400000000000002,16.400000000000002,17.599999999999998,17.8,17.8,17.599999999999998,17.8,17.8
pbv-miR-204-5p,16.400000000000002,16.400000000000002,17.599999999999998,17.8,17.8,17.599999999999998,17.8,17.8
pbv-miR-205a-5p,91.4,85.0,85.39999999999999,73.6,73.6,83.8,83.39999999999999,83.39999999999999
pbv-miR-206-3p,87.4,87.4,87.6,82.8,82.8,87.0,82.8,82.8
pbv-miR-20a-5p,70.0,70.6,63.4,59.8,59.8,63.2,61.0,61.4
pbv-miR-210-3p,,,,83.6,83.6,,83.6,83.6
pbv-miR-222a-3p,60.8,59.4,66.60000000000001,53.800000000000004,53.6,60.8,53.6,54.0
pbv-miR-26-5p,2.1999999999999997,2.1999999999999997,1.4000000000000001,1.7999999999999998,2.0,1.4000000000000001,1.2,2.0
pbv-miR-26-5p,2.1999999999999997,2.1999999999999997,1.4000000000000001,1.7999999999999998,2.0,1.4000000000000001,1.2,2.0
pbv-miR-27b-3p,27.400000000000002,27.0,14.799999999999999,14.799999999999999,14.799999999999999,15.0,14.799999999999999,14.799999999999999
pbv-miR-301a-3p,18.4,18.4,14.799999999999999,6.4,6.4,14.799999999999999,6.4,6.4
pbv-miR-30b-5p,,,,80.2,80.2,,80.2,80.2
pbv-miR-30e-5p,11.799999999999999,11.799999999999999,11.200000000000001,5.2,5.2,9.6,8.799999999999999,8.799999999999999
pbv-miR-375-3p,65.0,65.0,72.2,67.2,67.0,72.0,67.0,67.60000000000001
pbv-miR-429-3p,41.4,43.8,40.2,30.2,30.0,36.199999999999996,30.8,30.8
pbv-miR-9-4-3p,72.8,72.8,61.4,53.400000000000006,51.0,61.4,48.8,58.599999999999994
pbv-miR-9-5p,17.2,20.0,22.0,21.2,21.8,22.0,21.0,21.0
pbv-miR-92a-3p,94.19999999999999,94.19999999999999,88.6,88.6,88.6,88.6,88.6,88.6
pbv-miR-92a-3p,94.19999999999999,94.19999999999999,88.6,88.6,88.6,88.6,88.6,88.6
pca-miR-100-5p,90.60000000000001,90.4,90.8,87.8,87.8,90.8,90.60000000000001,88.0
pca-miR-133-3p,68.8,69.39999999999999,71.39999999999999,76.8,76.8,74.4,73.2,75.4
pca-miR-184-3p,87.4,90.8,97.0,98.4,98.4,97.0,98.4,98.4
pca-miR-9-5p,17.4,20.4,20.599999999999998,22.0,22.6,21.0,21.8,22.6
pha-miR-16,20.200000000000003,22.6,17.599999999999998,21.2,18.2,18.2,17.599999999999998,21.8
pma-let-7a,83.8,84.0,84.6,84.6,84.6,84.6,84.6,84.6
pma-let-7a,83.8,84.0,84.6,84.6,84.6,84.6,84.6,84.6
pma-let-7a,83.8,84.0,84.6,84.6,84.6,84.6,84.6,84.6
pma-let-7a,83.8,84.0,84.6,84.6,84.6,84.6,84.6,84.6
pma-miR-100a-5p,90.4,90.4,89.8,86.8,86.8,89.8,89.60000000000001,87.0
pma-miR-125-5p,7.3999999999999995,6.2,7.3999999999999995,14.2,14.6,7.3999999999999995,12.6,13.0
pma-miR-128,45.4,41.0,35.8,32.2,32.800000000000004,33.800000000000004,30.2,33.800000000000004
pma-miR-128,45.4,41.0,35.8,32.2,32.800000000000004,33.800000000000004,30.2,33.800000000000004
pma-miR-153-3p,12.8,8.799999999999999,3.2,7.199999999999999,7.199999999999999,3.2,7.199999999999999,7.199999999999999
pma-miR-153-3p,12.8,8.799999999999999,3.2,7.199999999999999,7.199999999999999,3.2,7.199999999999999,7.199999999999999
pma-miR-153-3p,12.8,8.799999999999999,3.2,7.199999999999999,7.199999999999999,3.2,7.199999999999999,7.199999999999999
pma-miR-16-5p,15.2,15.0,15.6,8.799999999999999,8.799999999999999,15.6,8.4,8.799999999999999
pma-miR-181a-3p,30.2,30.2,31.2,31.8,31.8,32.2,31.8,33.6
pma-miR-181a-5p,53.2,53.400000000000006,52.6,53.800000000000004,51.4,52.400000000000006,51.2,49.2
pma-miR-182,65.2,63.6,66.4,80.80000000000001,80.0,66.0,77.4,71.2
pma-miR-183-5p,33.2,32.6,44.2,77.2,77.0,48.6,70.0,70.0
pma-miR-199a-3p,24.8,28.799999999999997,29.799999999999997,36.0,36.6,31.4,36.6,36.6
pma-miR-199a-5p,6.6000000000000005,12.0,13.8,4.2,4.2,13.4,4.2,4.2
pma-miR-199b-3p,25.0,29.2,30.0,36.199999999999996,36.8,31.6,36.8,36.8
pma-miR-19b-3p,27.0,27.0,25.0,24.4,21.4,25.0,23.200000000000003,23.799999999999997
pma-miR-203b-3p,23.599999999999998,21.8,19.0,16.0,16.0,16.8,16.0,16.0
pma-miR-204-5p,13.0,11.799999999999999,15.6,15.6,15.6,15.6,15.6,15.6
pma-miR-205a-5p,91.2,84.8,85.2,73.6,73.6,83.0,82.39999999999999,82.39999999999999
pma-miR-218a-5p,23.599999999999998,21.4,22.0,19.0,25.6,22.0,21.4,19.6
pma-miR-218a-5p,23.599999999999998,21.4,22.0,19.0,25.6,22.0,21.4,19.6
pma-miR-26a-5p,1.2,1.2,4.2,1.2,1.2,4.2,4.2,1.2
pma-miR-26a-5p,1.2,1.2,4.2,1.2,1.2,4.2,4.2,1.2
pma-miR-26b-5p,4.3999999999999995,4.3999999999999995,4.6,7.000000000000001,5.2,4.6,5.2,5.2
pma-miR-27b-3p,28.000000000000004,26.8,15.2,15.2,15.2,15.2,15.2,15.2
pma-miR-375a-3p,65.8,65.8,73.0,68.0,67.80000000000001,73.0,67.80000000000001,68.4
pma-miR-456,56.39999999999999,53.0,56.599999999999994,58.199999999999996,57.4,58.599999999999994,49.4,55.60000000000001
pma-miR-92a,30.0,28.000000000000004,25.2,35.0,34.8,23.599999999999998,34.0,34.8
pma-miR-9a-5p,18.4,21.2,21.2,22.8,23.0,20.4,22.2,21.8
pma-miR-9a-5p,18.4,21.2,21.2,22.8,23.0,20.4,22.2,21.8
pmi-miR-100-5p,92.4,94.6,92.60000000000001,94.0,94.0,92.80000000000001,94.6,94.6
pmi-miR-125-5p,4.8,4.8,7.199999999999999,14.000000000000002,14.399999999999999,7.199999999999999,14.000000000000002,12.8
pmi-miR-184-3p,84.6,88.0,94.0,94.8,94.8,93.4,94.8,94.8
pmi-miR-200-3p,30.4,30.4,27.400000000000002,22.2,26.400000000000002,27.200000000000003,26.6,26.400000000000002
pmi-miR-9-5p,21.8,24.6,25.6,26.400000000000002,26.400000000000002,25.6,26.200000000000003,26.400000000000002
pmi-miR-92b-3p,37.6,33.0,30.4,34.0,34.0,28.599999999999998,36.199999999999996,34.0
pmi-miR-92d-3p,30.0,26.0,25.8,33.4,33.4,24.4,34.2,30.8
pny-miR-17,60.199999999999996,60.4,59.199999999999996,53.400000000000006,53.400000000000006,59.4,53.800000000000004,53.800000000000004
pol-miR-22-3p,50.8,49.8,46.0,34.8,35.4,38.800000000000004,34.0,34.599999999999994
ppc-let-7,79.60000000000001,80.4,79.80000000000001,81.39999999999999,83.8,79.80000000000001,79.80000000000001,82.0
ppc-miR-235-3p,30.2,28.199999999999996,25.6,33.800000000000004,33.4,23.400000000000002,33.4,33.6
ppc-miR-9,22.6,25.4,26.400000000000002,25.2,19.400000000000002,26.400000000000002,26.400000000000002,25.6
ppy-miR-182,65.8,63.800000000000004,66.60000000000001,81.2,80.2,66.2,77.60000000000001,77.0
ppy-miR-218,23.200000000000003,20.599999999999998,21.2,18.6,25.4,21.2,20.599999999999998,19.2
prd-let-7-5p,80.80000000000001,80.60000000000001,80.2,79.80000000000001,78.2,80.4,80.80000000000001,78.2
prd-miR-100-5p,93.4,95.6,93.2,95.0,95.0,93.4,95.6,95.6
prd-miR-235-3p,37.2,33.0,30.0,33.6,33.6,28.799999999999997,35.8,32.4
pte-let-7-5p,80.2,79.80000000000001,81.0,80.60000000000001,78.60000000000001,81.2,81.2,82.8
pte-miR-10-5p,89.4,89.60000000000001,,,,,,
pte-miR-100b-5p,91.60000000000001,93.8,91.2,93.2,93.0,91.4,93.60000000000001,93.60000000000001
pte-miR-125b-5p,6.800000000000001,6.800000000000001,9.4,15.2,15.2,9.6,14.6,13.600000000000001
pte-miR-184-3p,89.0,92.4,98.6,100.0,100.0,98.6,100.0,100.0
pte-miR-184-3p,89.0,92.4,98.6,100.0,100.0,98.6,100.0,100.0
pte-miR-9-5p,19.6,22.400000000000002,23.799999999999997,24.4,24.8,23.799999999999997,24.0,24.2
pte-miR-92a-3p,32.4,29.4,25.6,29.2,28.799999999999997,23.599999999999998,27.400000000000002,26.0
pte-miR-92b-3p,30.4,27.6,25.8,33.2,33.2,24.4,34.0,30.2
ptr-miR-222,61.0,59.8,67.0,54.2,54.2,61.0,54.2,54.6
ptr-miR-92b,69.39999999999999,69.6,70.19999999999999,66.4,66.4,70.19999999999999,64.8,66.4
rno-miR-130a-3p,,,,33.4,33.4,,33.2,33.2
rno-miR-17-5p,57.99999999999999,57.99999999999999,56.8,51.2,51.2,56.99999999999999,51.6,51.4
rno-miR-17-5p,57.99999999999999,57.99999999999999,56.8,51.2,51.2,56.99999999999999,51.6,51.4
rno-miR-181a-5p,56.2,56.39999999999999,55.60000000000001,56.2,53.800000000000004,55.400000000000006,53.6,53.2
rno-miR-181b-5p,61.6,62.0,64.8,64.60000000000001,64.60000000000001,64.8,65.4,63.800000000000004
rno-miR-182,82.6,82.6,80.60000000000001,83.6,83.6,74.2,83.8,83.6
rno-miR-184,85.8,86.0,86.4,91.2,91.2,86.6,86.2,89.0
rno-miR-19b-3p,25.6,25.6,23.599999999999998,25.4,22.400000000000002,23.599999999999998,24.2,24.8
rno-miR-205,89.8,83.39999999999999,83.6,71.8,71.8,82.19999999999999,81.8,81.8
rno-miR-206-3p,85.2,85.39999999999999,85.6,80.80000000000001,80.80000000000001,85.0,80.80000000000001,80.80000000000001
rno-miR-222-3p,60.6,61.199999999999996,67.60000000000001,55.00000000000001,54.800000000000004,60.6,54.800000000000004,55.2
rno-miR-301a-3p,1.7999999999999998,1.0,1.0,0.6,0.6,1.0,0.6,0.6
rno-miR-30a-3p,16.0,16.0,28.599999999999998,34.4,33.4,29.2,33.6,33.2
rno-miR-92a-3p,95.0,95.0,89.4,89.4,89.4,89.2,89.4,89.4
sha-let-7a,80.4,80.0,81.2,80.80000000000001,78.8,81.39999999999999,81.39999999999999,83.0
sha-miR-100,90.2,90.2,89.60000000000001,86.6,86.6,89.60000000000001,89.4,86.8
sha-miR-10b,65.0,72.0,86.4,86.8,86.8,86.4,86.4,86.8
sha-miR-125a,6.2,6.0,8.6,13.8,14.2,8.799999999999999,13.8,12.6
sha-miR-128,44.6,41.0,33.6,29.799999999999997,30.2,32.800000000000004,30.599999999999998,31.0
sha-miR-130b,31.6,31.4,29.799999999999997,31.2,30.8,28.000000000000004,30.8,27.400000000000002
sha-miR-133a,65.4,64.2,66.60000000000001,70.6,70.8,69.0,68.2,69.8
sha-miR-140,63.2,63.2,63.0,57.4,57.199999999999996,60.0,58.8,56.599999999999994
sha-miR-181a-3p,42.4,39.6,43.2,41.4,42.199999999999996,45.6,46.400000000000006,43.2
sha-miR-181a-5p,58.199999999999996,58.4,57.4,58.599999999999994,56.2,57.4,56.2,57.8
sha-miR-181a-5p,58.199999999999996,58.4,57.4,58.599999999999994,56.2,57.4,56.2,57.8
sha-miR-199a,29.4,35.8,35.8,41.0,39.4,39.6,39.800000000000004,38.2
sha-miR-19b,26.200000000000003,26.200000000000003,24.4,26.400000000000002,23.599999999999998,24.4,25.0,25.8
sha-miR-200a,61.8,62.4,62.2,43.0,45.0,58.4,51.2,51.6
sha-miR-200b,59.8,60.199999999999996,53.6,42.199999999999996,42.199999999999996,52.2,38.6,38.800000000000004
sha-miR-205,90.60000000000001,84.2,84.39999999999999,72.39999999999999,72.39999999999999,82.39999999999999,81.6,81.6
sha-miR-221,67.2,68.2,70.19999999999999,56.99999999999999,56.99999999999999,70.0,58.199999999999996,58.8
sha-miR-222,61.6,61.8,68.2,55.60000000000001,55.400000000000006,61.6,55.400000000000006,55.800000000000004
sha-miR-25,49.6,51.4,47.0,48.8,48.8,47.0,48.8,48.8
sha-miR-27b,26.6,26.200000000000003,14.2,14.2,14.2,14.399999999999999,14.2,14.2
sha-miR-30c,56.00000000000001,58.599999999999994,61.8,63.0,62.8,63.4,63.2,62.6
sha-miR-30e,12.2,12.2,11.799999999999999,5.800000000000001,5.800000000000001,10.2,9.4,9.2
sha-miR-454,40.0,39.2,32.2,36.6,37.6,38.0,40.400000000000006,40.8
sha-miR-9,17.0,19.8,21.8,21.4,22.0,21.8,20.8,21.2
sha-miR-92a,97.2,97.2,91.2,90.0,90.0,91.2,90.0,90.0
sko-let-7,77.0,77.2,77.8,79.0,82.6,77.8,79.4,79.4
sko-miR-10,89.2,89.2,,,,,,
sko-miR-100,92.60000000000001,94.8,92.80000000000001,94.19999999999999,94.19999999999999,93.0,94.8,94.8
sko-miR-125a,7.6,7.6,8.799999999999999,16.2,16.0,7.6,14.799999999999999,14.399999999999999
sko-miR-133,70.0,70.8,72.39999999999999,76.4,76.2,76.0,74.0,75.2
sko-miR-184-3p,85.6,89.0,95.0,95.8,95.6,94.19999999999999,95.8,95.6
sko-miR-200,30.599999999999998,30.599999999999998,27.6,22.400000000000002,26.6,27.400000000000002,26.8,26.6
sko-miR-9-5p,21.6,24.4,25.4,26.6,26.6,25.4,26.0,26.6
sko-miR-92b,94.6,94.19999999999999,87.2,86.8,86.8,85.6,86.4,87.0
sko-miR-92c,32.2,32.6,36.8,41.0,38.0,36.8,38.0,38.0
sla-miR-100,89.8,89.8,89.2,86.2,86.2,89.2,89.0,86.4
sla-miR-181a,53.6,53.800000000000004,53.0,54.2,51.800000000000004,52.800000000000004,51.6,51.2
spu-miR-125-5p,5.4,5.2,7.8,13.0,13.4,8.0,13.0,11.799999999999999
spu-miR-184,84.39999999999999,87.8,93.8,94.6,94.6,93.2,94.6,94.6
spu-miR-9-5p,21.2,24.0,25.0,26.0,26.0,25.0,25.6,26.0
spu-miR-92b-3p,94.6,94.19999999999999,87.0,86.4,86.4,85.39999999999999,86.2,86.6
spu-miR-92c,37.8,33.4,30.8,34.599999999999994,35.0,28.799999999999997,36.6,34.599999999999994
ssa-let-7a-5p,78.8,79.0,79.4,79.2,83.0,79.4,78.60000000000001,83.2
ssa-let-7a-5p,78.8,79.0,79.4,79.2,83.0,79.4,78.60000000000001,83.2
ssa-miR-100a-5p,98.2,98.2,96.0,98.0,98.4,96.2,98.4,98.4
ssa-miR-100a-5p,98.2,98.2,96.0,98.0,98.4,96.2,98.4,98.4
ssa-miR-10a-5p,47.599999999999994,48.0,58.4,67.60000000000001,67.60000000000001,58.4,67.80000000000001,67.60000000000001
ssa-miR-10b-5p,64.8,68.4,82.8,86.6,86.6,86.2,86.2,86.2
ssa-miR-10d-5p,52.800000000000004,58.599999999999994,70.8,84.0,84.0,73.4,83.6,84.0
ssa-miR-10d-5p,52.800000000000004,58.599999999999994,70.8,84.0,84.0,73.4,83.6,84.0
ssa-miR-125a-5p,4.6,4.6,5.800000000000001,10.2,10.8,5.800000000000001,11.200000000000001,10.2
ssa-miR-125b-5p,9.2,8.6,9.4,12.2,12.4,12.0,12.4,12.4
ssa-miR-125b-5p,9.2,8.6,9.4,12.2,12.4,12.0,12.4,12.4
ssa-miR-125b-5p,9.2,8.6,9.4,12.2,12.4,12.0,12.4,12.4
ssa-miR-126-5p,31.2,32.800000000000004,39.4,43.8,44.800000000000004,41.4,47.0,40.2
ssa-miR-130d-3p,31.6,32.4,29.799999999999997,32.4,32.4,30.0,32.4,30.599999999999998
ssa-miR-130d-3p,31.6,32.4,29.799999999999997,32.4,32.4,30.0,32.4,30.599999999999998
ssa-miR-130d-3p,31.6,32.4,29.799999999999997,32.4,32.4,30.0,32.4,30.599999999999998
ssa-miR-148a-5p,51.4,49.4,43.0,40.0,36.6,37.6,35.6,33.800000000000004
ssa-miR-15a-5p,71.2,64.0,61.4,68.8,66.4,59.599999999999994,68.4,62.8
ssa-miR-16a-5p,15.8,15.8,16.400000000000002,9.4,9.4,16.400000000000002,9.6,9.2
ssa-miR-16a-5p,15.8,15.8,16.400000000000002,9.4,9.4,16.400000000000002,9.6,9.2
ssa-miR-16c-5p,19.400000000000002,21.8,16.8,20.4,17.4,17.4,16.8,21.0
ssa-miR-17-5p,59.8,59.8,57.8,53.0,53.0,57.199999999999996,54.2,53.400000000000006
ssa-miR-17-5p,59.8,59.8,57.8,53.0,53.0,57.199999999999996,54.2,53.400000000000006
ssa-miR-181a-2-3p,30.8,30.8,31.8,32.4,32.4,35.8,32.4,34.2
ssa-miR-181a-5p,57.199999999999996,57.4,56.599999999999994,57.8,55.400000000000006,56.39999999999999,55.2,54.800000000000004
ssa-miR-181a-5p,57.199999999999996,57.4,56.599999999999994,57.8,55.400000000000006,56.39999999999999,55.2,54.800000000000004
ssa-miR-181c-5p,60.8,61.199999999999996,63.800000000000004,63.4,63.6,63.800000000000004,63.6,63.2
ssa-miR-183-5p,34.0,32.4,44.6,75.8,75.8,48.8,68.60000000000001,68.8
ssa-miR-192a-5p,27.200000000000003,28.599999999999998,27.200000000000003,29.799999999999997,29.799999999999997,27.200000000000003,29.799999999999997,30.0
ssa-miR-196a-5p,61.4,62.0,62.0,55.2,54.800000000000004,62.0,55.400000000000006,55.400000000000006
ssa-miR-196a-5p,61.4,62.0,62.0,55.2,54.800000000000004,62.0,55.400000000000006,55.400000000000006
ssa-miR-196a-5p,61.4,62.0,62.0,55.2,54.800000000000004,62.0,55.400000000000006,55.400000000000006
ssa-miR-19c-3p,20.599999999999998,23.599999999999998,18.0,11.600000000000001,9.6,16.8,15.8,15.0
ssa-miR-19c-3p,20.599999999999998,23.599999999999998,18.0,11.600000000000001,9.6,16.8,15.8,15.0
ssa-miR-19d-3p,12.0,9.4,3.8,2.0,2.0,3.8,2.0,2.0
ssa-miR-200a-3p,60.4,60.4,52.6,42.199999999999996,42.199999999999996,48.8,39.6,38.800000000000004
ssa-miR-200a-3p,60.4,60.4,52.6,42.199999999999996,42.199999999999996,48.8,39.6,38.800000000000004
ssa-miR-200b-3p,65.4,66.0,64.8,47.4,47.4,63.800000000000004,52.6,53.0
ssa-miR-203a-3p,38.4,38.4,25.0,20.200000000000003,21.4,24.0,25.0,21.0
ssa-miR-203a-3p,38.4,38.4,25.0,20.200000000000003,21.4,24.0,25.0,21.0
ssa-miR-203b-3p,51.0,51.2,47.199999999999996,39.4,39.4,41.199999999999996,39.4,39.2
ssa-miR-204-5p,11.4,11.4,13.200000000000001,15.8,16.2,15.8,15.8,15.8
ssa-miR-204-5p,11.4,11.4,13.200000000000001,15.8,16.2,15.8,15.8,15.8
ssa-miR-205b-5p,92.2,85.8,86.2,75.6,75.6,85.2,84.6,84.8
ssa-miR-205b-5p,92.2,85.8,86.2,75.6,75.6,85.2,84.6,84.8
ssa-miR-205b-5p,92.2,85.8,86.2,75.6,75.6,85.2,84.6,84.8
ssa-miR-206-3p,87.8,87.8,88.0,,,88.0,,
ssa-miR-20a-5p,72.6,73.2,66.2,61.6,61.6,65.8,63.4,63.800000000000004
ssa-miR-20a-5p,72.6,73.2,66.2,61.6,61.6,65.8,63.4,63.800000000000004
ssa-miR-20a-5p,72.6,73.2,66.2,61.6,61.6,65.8,63.4,63.800000000000004
ssa-miR-216a-5p,35.0,34.8,52.800000000000004,44.6,44.6,52.6,48.8,45.800000000000004
ssa-miR-21a-5p,54.0,51.4,48.8,38.6,38.6,47.8,45.4,38.6
ssa-miR-222a-3p,60.199999999999996,66.60000000000001,67.4,56.2,56.00000000000001,61.4,56.2,56.39999999999999
ssa-miR-25-3p,46.6,44.2,46.2,47.4,47.199999999999996,45.4,47.199999999999996,47.199999999999996
ssa-miR-25-3p,46.6,44.2,46.2,47.4,47.199999999999996,45.4,47.199999999999996,47.199999999999996
ssa-miR-26a-5p,1.0,1.0,4.0,0.6,1.0,4.0,3.5999999999999996,1.0
ssa-miR-26a-5p,1.0,1.0,4.0,0.6,1.0,4.0,3.5999999999999996,1.0
ssa-miR-26b-5p,2.6,4.8,4.3999999999999995,5.2,5.2,4.3999999999999995,5.2,5.6000000000000005
ssa-miR-27d-3p,57.199999999999996,56.8,60.0,58.4,58.199999999999996,60.0,56.599999999999994,55.800000000000004
ssa-miR-30b-5p,6.4,6.4,6.4,11.0,11.0,6.4,6.4,6.4
ssa-miR-30c-3p,16.400000000000002,16.400000000000002,26.8,34.0,34.0,28.199999999999996,32.800000000000004,33.4
ssa-miR-30c-3p,16.400000000000002,16.400000000000002,26.8,34.0,34.0,28.199999999999996,32.800000000000004,33.4
ssa-miR-30c-5p,11.600000000000001,11.600000000000001,11.200000000000001,5.0,5.0,9.6,8.6,8.6
ssa-miR-30c-5p,11.600000000000001,11.600000000000001,11.200000000000001,5.0,5.0,9.6,8.6,8.6
ssa-miR-30d-5p,10.2,10.2,26.8,29.4,29.4,26.8,27.0,29.4
ssa-miR-30e-5p,,,,78.0,78.0,,78.0,78.0
ssa-miR-30e-5p,,,,78.0,78.0,,78.0,78.0
ssa-miR-375-3p,65.60000000000001,65.60000000000001,72.8,67.80000000000001,67.60000000000001,72.8,67.60000000000001,68.2
ssa-miR-429-3p,46.6,46.6,40.6,30.4,33.0,37.8,33.0,33.4
ssa-miR-454-3p,57.599999999999994,57.8,54.400000000000006,54.400000000000006,50.4,55.60000000000001,49.2,51.4
ssa-miR-92a-3p,97.6,97.6,91.60000000000001,90.4,90.4,91.60000000000001,90.4,90.4
ssa-miR-92a-3p,97.6,97.6,91.60000000000001,90.4,90.4,91.60000000000001,90.4,90.4
ssa-miR-92b-3p,69.6,71.39999999999999,70.39999999999999,66.60000000000001,66.60000000000001,70.39999999999999,66.60000000000001,66.60000000000001
ssa-miR-99-5p,36.8,36.0,41.4,48.199999999999996,47.4,41.4,46.400000000000006,47.4
ssa-miR-99-5p,36.8,36.0,41.4,48.199999999999996,47.4,41.4,46.400000000000006,47.4
ssa-miR-9a-5p,17.599999999999998,20.599999999999998,22.2,21.8,22.400000000000002,22.400000000000002,21.6,22.400000000000002
ssc-miR-100,97.6,97.6,95.39999999999999,97.39999999999999,97.6,95.6,97.39999999999999,97.6
ssc-miR-130a,33.2,33.0,31.4,32.800000000000004,32.4,29.599999999999998,32.4,28.999999999999996
ssc-miR-130b-5p,49.2,49.2,44.800000000000004,43.2,43.2,43.2,42.0,42.0
ssc-miR-133a-3p,69.8,70.0,71.8,75.8,76.0,75.4,73.4,75.0
ssc-miR-143-3p,14.2,26.400000000000002,30.0,39.0,36.0,30.0,35.8,36.0
ssc-miR-199a-3p,23.200000000000003,28.199999999999996,29.2,36.8,36.4,30.8,36.4,36.4
ssc-miR-199a-5p,6.800000000000001,12.2,13.8,4.3999999999999995,4.3999999999999995,13.200000000000001,4.3999999999999995,4.3999999999999995
ssc-miR-19b,24.8,24.8,22.8,24.8,21.2,22.8,23.599999999999998,24.2
ssc-miR-30a-3p,16.2,17.0,27.0,33.6,34.0,28.199999999999996,33.4,33.4
ssc-miR-30d,6.2,6.2,6.2,9.4,9.2,6.2,6.2,6.2
ssc-miR-30e-5p,12.6,12.6,12.2,6.0,6.0,10.6,9.6,9.6
ssc-miR-451,96.2,93.2,98.4,88.2,88.0,96.39999999999999,91.2,90.60000000000001
ssc-miR-454,40.400000000000006,39.6,32.6,37.2,38.2,38.6,41.0,41.4
ssc-miR-92a,94.8,94.8,89.0,89.0,89.0,89.0,89.0,89.0
tca-miR-100-5p,89.0,89.0,88.4,85.39999999999999,85.39999999999999,88.4,88.2,85.6
tca-miR-125-5p,6.4,6.4,9.0,14.799999999999999,14.799999999999999,9.2,14.2,13.200000000000001
tca-miR-133-3p,64.60000000000001,61.4,64.8,76.0,77.4,69.0,73.4,78.2
tca-miR-184-3p,85.39999999999999,88.8,94.8,95.6,95.39999999999999,94.0,95.6,95.39999999999999
tca-miR-9a-5p,20.0,22.8,23.400000000000002,23.400000000000002,24.2,23.400000000000002,23.400000000000002,23.799999999999997
tcf-miR-100,93.0,95.19999999999999,91.8,94.6,94.6,92.0,95.19999999999999,95.19999999999999
tcf-miR-125,5.0,7.3999999999999995,10.2,16.0,15.4,10.2,15.0,13.8
tcf-miR-184-3p,88.8,92.2,98.4,99.8,99.8,98.4,99.8,99.8
tcf-miR-92a,34.0,30.0,27.0,35.8,35.8,27.800000000000004,35.6,35.8
tcf-miR-9a-5p,19.8,22.6,24.0,24.6,25.0,24.0,24.2,24.4
tch-miR-199b-3p,41.8,52.2,59.599999999999994,58.199999999999996,57.599999999999994,67.0,56.599999999999994,55.60000000000001
tch-miR-200a-3p,65.8,66.2,65.2,47.8,47.8,64.2,53.0,53.400000000000006
tgu-let-7a-5p,81.0,81.2,81.8,84.6,82.19999999999999,81.8,84.0,82.19999999999999
tgu-miR-100-5p,96.39999999999999,96.39999999999999,94.19999999999999,96.2,96.6,94.39999999999999,96.6,96.6
tgu-miR-126-5p,33.2,34.8,40.8,45.2,46.2,42.8,46.800000000000004,42.6
tgu-miR-128-3p,45.4,41.8,34.2,30.4,31.0,33.6,31.2,31.8
tgu-miR-130c-3p,32.0,31.8,30.2,31.6,31.2,28.4,31.2,27.800000000000004
tgu-miR-16b-5p,15.4,15.4,16.0,10.0,10.0,16.0,9.4,10.0
tgu-miR-184,85.0,85.2,85.8,90.4,90.4,85.8,85.39999999999999,88.2
tgu-miR-199-3p,29.4,35.8,36.199999999999996,41.4,39.800000000000004,40.0,40.2,38.6
tgu-miR-199-5p,8.4,10.2,12.0,2.4,2.4,12.0,2.4,2.4
tgu-miR-200a-3p,63.6,64.2,63.0,43.4,45.4,59.8,50.2,50.4
tgu-miR-200b-3p,59.599999999999994,59.8,52.400000000000006,42.0,42.0,51.4,39.0,39.2
tgu-miR-203-3p,25.6,23.799999999999997,20.200000000000003,17.0,17.2,17.8,17.0,17.0
tgu-miR-204,16.2,16.0,17.599999999999998,18.6,18.6,18.4,18.6,18.6
tgu-miR-218-5p,22.2,19.6,20.200000000000003,17.599999999999998,24.4,20.200000000000003,19.6,18.2
tgu-miR-26-5p,3.2,3.2,2.1999999999999997,2.8000000000000003,2.8000000000000003,2.1999999999999997,2.1999999999999997,2.8000000000000003
tgu-miR-301-3p,2.1999999999999997,1.4000000000000001,1.4000000000000001,1.0,1.0,1.4000000000000001,1.0,1.0
tgu-miR-30a-5p,13.8,13.8,13.4,7.199999999999999,7.199999999999999,11.799999999999999,10.8,10.8
tgu-miR-30d-5p,7.000000000000001,7.000000000000001,7.000000000000001,9.8,9.8,7.000000000000001,7.000000000000001,7.000000000000001
tgu-miR-30e,,,,76.8,76.8,,76.8,76.8
tgu-miR-451,95.39999999999999,92.80000000000001,98.0,90.0,89.8,98.2,93.0,92.4
tgu-miR-9-5p,18.2,21.0,21.0,22.6,22.8,20.200000000000003,22.0,21.6
tgu-miR-92-3p,94.39999999999999,94.39999999999999,88.8,88.8,88.8,88.8,88.8,88.8
tni-let-7a,76.8,76.8,77.60000000000001,78.8,82.39999999999999,77.60000000000001,79.2,79.2
tni-miR-10b,63.4,67.0,80.80000000000001,84.2,84.6,84.2,84.2,84.2
tni-miR-10c,46.800000000000004,47.199999999999996,57.599999999999994,67.0,67.0,57.599999999999994,67.0,67.0
tni-miR-128,45.0,41.199999999999996,34.2,31.8,31.6,33.2,31.8,32.6
tni-miR-17,59.0,59.0,57.99999999999999,53.800000000000004,53.800000000000004,58.199999999999996,52.0,53.2
tni-miR-181a-5p,54.2,54.400000000000006,53.6,56.8,54.400000000000006,53.400000000000006,54.2,53.800000000000004
tni-miR-181b,59.599999999999994,60.0,62.6,61.199999999999996,61.199999999999996,62.6,62.0,61.6
tni-miR-192,28.199999999999996,29.599999999999998,27.800000000000004,30.8,30.8,28.000000000000004,31.0,31.0
tni-miR-199,10.0,12.8,12.8,6.0,5.0,12.8,5.0,5.0
tni-miR-19b,27.6,27.6,25.6,27.0,24.0,25.6,25.8,26.400000000000002
tni-miR-20,69.19999999999999,69.8,62.8,58.199999999999996,58.599999999999994,62.4,60.0,60.199999999999996
tni-miR-200b,59.0,59.199999999999996,51.6,41.6,41.6,50.6,38.0,38.2
tni-miR-204a,13.8,13.8,15.4,17.0,17.0,17.4,17.0,17.0
tni-miR-21,99.4,99.4,99.8,93.4,93.4,99.8,93.4,93.4
tni-miR-26,0.8,0.8,3.8,0.4,0.8,3.8,4.0,0.8
tni-miR-429,41.8,44.2,41.4,29.599999999999998,29.799999999999997,37.6,30.4,30.0
tni-miR-9,16.400000000000002,19.2,20.4,20.599999999999998,21.2,20.8,20.200000000000003,20.4
tni-miR-92,96.0,96.0,90.0,91.2,91.2,90.0,91.2,91.2
tni-miR-92,96.0,96.0,90.0,91.2,91.2,90.0,91.2,91.2
tur-miR-133-3p,67.4,67.2,73.6,78.60000000000001,77.2,78.0,75.6,78.2
tur-miR-184-3p,83.6,87.0,93.2,96.0,97.0,94.6,97.0,96.0
tur-miR-92-3p,33.6,32.2,27.400000000000002,36.199999999999996,35.6,27.400000000000002,36.199999999999996,37.0
xbo-miR-92a,31.0,28.999999999999996,26.0,34.0,33.6,23.799999999999997,33.6,34.0
xla-miR-19b,26.400000000000002,26.400000000000002,24.2,26.200000000000003,23.200000000000003,24.2,24.8,25.6
xla-miR-19b,26.400000000000002,26.400000000000002,24.2,26.200000000000003,23.200000000000003,24.2,24.8,25.6
xla-miR-19b-3p,28.199999999999996,28.199999999999996,26.200000000000003,27.6,24.4,26.200000000000003,26.400000000000002,27.0
xla-miR-20a-5p,69.8,70.39999999999999,65.2,58.8,58.8,63.0,60.4,60.8
xla-miR-25-3p,47.199999999999996,44.800000000000004,46.800000000000004,47.599999999999994,47.599999999999994,45.6,47.599999999999994,47.599999999999994
xla-miR-375-3p,63.0,62.6,66.8,65.4,65.4,66.8,65.4,65.4
xla-miR-92a-3p,92.60000000000001,92.60000000000001,86.6,87.0,87.0,86.6,86.6,87.0
xtr-let-7a,77.2,77.0,77.4,78.0,78.0,77.4,77.4,77.8
xtr-miR-100,98.0,98.0,95.8,97.8,98.0,96.0,97.8,98.0
xtr-miR-10b,64.4,68.0,82.19999999999999,86.2,86.2,85.6,85.6,85.8
xtr-miR-125a,10.4,9.8,10.4,13.0,13.200000000000001,13.0,13.200000000000001,13.200000000000001
xtr-miR-126-5p,32.0,33.6,40.2,44.6,45.6,42.199999999999996,48.199999999999996,42.6
xtr-miR-128,45.4,41.8,34.2,30.2,30.599999999999998,33.6,31.0,31.4
xtr-miR-128,45.4,41.8,34.2,30.2,30.599999999999998,33.6,31.0,31.4
xtr-miR-130a,32.2,32.0,30.4,31.8,31.4,28.599999999999998,31.4,28.000000000000004
xtr-miR-130c,35.4,33.4,34.0,34.2,34.2,34.8,34.2,33.0
xtr-miR-153,12.2,8.200000000000001,2.6,6.6000000000000005,6.6000000000000005,2.6,6.6000000000000005,6.6000000000000005
xtr-miR-17-5p,59.599999999999994,59.599999999999994,58.599999999999994,52.6,52.6,58.8,53.400000000000006,52.800000000000004
xtr-miR-181a-5p,56.8,56.8,56.00000000000001,57.4,55.00000000000001,55.800000000000004,54.6,54.400000000000006
xtr-miR-181a-5p,56.8,56.8,56.00000000000001,57.4,55.00000000000001,55.800000000000004,54.6,54.400000000000006
xtr-miR-181b,62.0,62.6,65.8,65.0,65.0,65.4,66.2,64.2
xtr-miR-181b,62.0,62.6,65.8,65.0,65.0,65.4,66.2,64.2
xtr-miR-182-5p,66.8,64.60000000000001,67.4,82.19999999999999,81.39999999999999,67.0,78.8,78.2
xtr-miR-183,33.2,31.4,43.2,75.4,75.2,47.599999999999994,68.2,68.2
xtr-miR-184,85.0,85.0,,,,,,
xtr-miR-192,27.6,28.999999999999996,28.000000000000004,30.2,30.2,27.6,30.2,30.4
xtr-miR-196a,61.0,61.6,61.6,54.800000000000004,54.400000000000006,61.6,55.00000000000001,55.00000000000001
xtr-miR-19b,27.400000000000002,27.400000000000002,25.4,25.6,22.6,25.4,25.6,25.0
xtr-miR-200a,63.2,63.800000000000004,62.8,43.0,45.0,59.4,50.0,50.0
xtr-miR-200b,58.4,58.4,52.2,42.199999999999996,41.6,51.2,38.6,38.800000000000004
xtr-miR-203,22.8,20.8,16.8,15.6,15.8,15.8,15.6,15.8
xtr-miR-204,16.8,16.6,18.2,19.2,19.2,19.2,19.2,19.2
xtr-miR-205a,90.2,83.8,84.0,72.0,72.0,82.0,81.2,81.2
xtr-miR-206,87.6,87.6,87.8,83.0,83.0,87.2,83.0,83.0
xtr-miR-20a-5p,69.6,70.19999999999999,63.2,59.199999999999996,59.199999999999996,62.8,60.6,61.0
xtr-miR-210,,,,84.39999999999999,84.39999999999999,,84.39999999999999,84.39999999999999
xtr-miR-218,23.0,20.4,21.0,18.4,25.2,21.0,20.4,19.0
xtr-miR-221,66.60000000000001,67.60000000000001,69.6,56.39999999999999,56.39999999999999,68.8,57.599999999999994,58.199999999999996
xtr-miR-222,63.800000000000004,62.2,68.60000000000001,56.2,56.2,63.4,56.00000000000001,56.2
xtr-miR-25,50.4,52.2,47.0,48.6,48.8,47.199999999999996,48.8,48.8
xtr-miR-26,0.2,0.2,0.2,0.8,0.4,0.2,0.4,0.2
xtr-miR-26,0.2,0.2,0.2,0.8,0.4,0.2,0.4,0.2
xtr-miR-27b,27.0,26.8,14.399999999999999,14.399999999999999,14.399999999999999,14.6,14.399999999999999,14.399999999999999
xtr-miR-301,1.4000000000000001,0.6,0.6,0.4,0.4,0.6,0.4,0.4
xtr-miR-301,1.4000000000000001,0.6,0.6,0.4,0.4,0.6,0.4,0.4
xtr-miR-30b,,,,80.4,80.4,,80.4,80.4
xtr-miR-30c,57.99999999999999,60.6,63.6,63.2,63.0,65.4,63.4,62.8
xtr-miR-30c,57.99999999999999,60.6,63.6,63.2,63.0,65.4,63.4,62.8
xtr-miR-30d,7.6,7.6,7.199999999999999,10.0,10.0,7.199999999999999,7.199999999999999,7.199999999999999
xtr-miR-30e,13.600000000000001,13.600000000000001,13.200000000000001,7.000000000000001,7.000000000000001,11.600000000000001,10.6,10.6
xtr-miR-375,62.8,62.6,66.60000000000001,65.2,65.2,66.60000000000001,65.2,65.2
xtr-miR-429,39.6,41.199999999999996,39.6,28.599999999999998,28.4,37.0,29.2,28.599999999999998
xtr-miR-451,93.8,91.2,96.39999999999999,88.4,88.2,96.6,91.4,90.8
xtr-miR-454-3p,57.8,57.99999999999999,53.400000000000006,54.6,50.0,55.60000000000001,48.8,51.4
xtr-miR-9-5p,15.8,18.6,19.8,20.0,20.599999999999998,19.8,19.6,19.8
xtr-miR-92a,92.80000000000001,92.80000000000001,86.8,87.2,87.2,86.8,86.8,87.2
xtr-miR-92a,92.80000000000001,92.80000000000001,86.8,87.2,87.2,86.8,86.8,87.2
xtr-miR-92b,68.2,68.8,69.39999999999999,64.0,64.0,69.39999999999999,64.0,65.60000000000001
xtr-miR-99,37.0,36.199999999999996,41.6,48.4,47.599999999999994,41.6,46.6,47.599999999999994
xtr-miR-9a-5p,15.4,18.2,19.400000000000002,19.6,20.200000000000003,19.400000000000002,19.2,19.400000000000002
